"","Region","group_id","start_year","duration","avg_PDSI","avg_PDSI_europe","avg_temp_summer","avg_temp_winter","avg_precip_summer","avg_precip_winter","avg_temp_summer_europe","avg_temp_winter_europe","avg_precip_summer_europe","avg_precip_winter_europe","avg_ongoing_wars","avg_Deaths","avg_Death_ratio","avg_urbanization","avg_Price_detrended","avg_population","avg_JSL","avg_NAO_cal","avg_nino34","max_nino34","max_PDSI","max_PDSI_europe","max_temp_summer","max_temp_winter","max_precip_summer","max_precip_winter","max_temp_summer_europe","max_temp_winter_europe","max_precip_summer_europe","max_precip_winter_europe","max_ongoing_wars","max_Deaths","max_Death_ratio","max_urbanization","max_JSL","max_NAO_cal","min_nino34","avg_2y_nino","max_2y_nino","min_2y_nino","avg_2y_PDSI","max_2y_PDSI","min_2y_PDSI","avg_2y_NAO","max_2y_NAO","min_2y_NAO","avg_2y_JSL","max_2y_JSL","min_2y_JSL"
"1","Central",1,1516,3,-1.93506425380292,-0.648321933473484,0.172926981574363,-0.513525767372474,1.91994812261608,5.27283415945216,-0.143195362352512,-0.26492197650364,2.0021072958606,4.60743394451911,5.66666666666667,3891.66666666667,633.125,3.62046428571429,-0.13062292511881,3014857.14285714,-0.563119527333333,-0.0809033333333333,-0.268877313333333,0.24523402,-1.38299017971028,-0.457204903267942,0.883251447870675,0.712912517101845,6.10110650186985,7.86704496516483,-0.0287312128036145,-0.0616539154899354,3.79717067452495,5.95535851626078,8,7275,909.375,3.62278571428571,0.080545355,0.182902,-0.56497998,-0.52593298,-0.48688598,-0.56497998,-2.21110129084923,-1.56574395081297,-2.8564586308855,-0.0532895,0.182902,-0.289481,-0.7991450505,0.080545355,-1.678835456
"2","Central",2,1530,2,0.0950746159062473,-0.0951134083064986,-0.321829765478578,0.36845498438464,5.59765236703567,6.53920006384761,-0.164352053093777,0.216216746779834,3.43693816320553,6.45973088257825,9.5,16057.6857864358,1725.01548220298,3.69242857142857,0.0103650611661599,3289428.57142857,1.02853864325,-0.3806825,0.36178002,1.22473202,0.491493176577648,0.194419307001142,-0.17697499015887,2.07089463760434,9.94268355573959,8.97011194768399,-0.00156337365778135,0.463550344131074,4.50515124571578,7.21627941225651,12,32248.7373737374,2687.39478114478,3.73421428571429,3.310799938,-0.158193,-0.37637198,0.29938002,0.52533202,0.0734280200000002,0.117185614183274,0.285240886543194,-0.0508696581766462,-0.3149925,-0.158193,-0.471792,0.837422194,2.337307871,-0.662463483
"3","Central",3,1569,6,-0.39582455311789,-0.202320198030491,-0.266206437302651,-1.09261734768122,2.729136750338,5.9289355114219,-0.111021530773504,-0.299514744535439,3.04686767353487,6.32559129751239,13,21664.5202020202,1705.45337711531,3.74698214285714,0.213075529244167,3497571.42857143,-0.881980936333333,-0.200671483333333,-0.135874646666666,0.39434602,0.718212786975015,0.308141037960887,0.429794038889057,0.168375664113191,9.87221272694066,14.9514919461777,0.00658680368947855,0.215065357157621,4.50314350354579,9.62430684412542,16,30638.6363636364,2553.2196969697,3.75278571428571,0.375256409,0.411505,-0.77881598,0.13781202,0.39434602,-0.11872198,-0.0368692368094938,0.718212786975015,-0.791951260594002,-0.428921,-0.415703,-0.442139,0.104282224,0.144179403,0.064385045
"4","Central",4,1594,5,0.345060171286739,0.0874016326875166,-0.778463458404532,-0.151977935906405,6.72202605998505,5.94505710938137,-0.283685369400159,-0.10393243344234,3.6460924695298,5.80594272294563,15.8,21061.7691957166,1342.38417969527,3.80385714285714,0.120470848578236,3714571.42857143,-0.982149561,-0.5035138,0.71887362,1.47202802,1.02335479876817,0.296743802470935,-0.456506458886959,1.70867200113329,10.0470603886765,13.7281297984335,-0.168924615357529,0.522708556501061,5.04599814433196,8.42626269654803,18,21541.7691957166,1452.98351397975,3.8085,0.510947759,-0.300085,-0.12327598,1.03583702,1.47202802,0.59964602,-0.482530620186495,0.617871442767756,-1.58293268314075,-0.4106425,-0.404132,-0.417153,-1.944572227,-1.294762317,-2.594382137
"5","Central",5,1602,1,-0.85467052696327,0.0426864215262135,-0.256873936622076,0.544131178218964,1.74801876391744,4.88079191213472,-0.319700098180169,0.14724863835694,2.78864931027213,4.42523110707878,9,23716.7691957166,2635.19657730184,3.81640285714286,0.0493077501314761,3757142.85714286,0.555353664,0.377236,0.0342100200000002,0.0342100200000002,-0.85467052696327,0.0426864215262135,-0.256873936622076,0.544131178218964,1.74801876391744,4.88079191213472,-0.319700098180169,0.14724863835694,2.78864931027213,4.42523110707878,9,23716.7691957166,2635.19657730184,3.81640285714286,0.555353664,0.377236,0.0342100200000002,0.0342100200000002,0.0342100200000002,0.0342100200000002,-0.85467052696327,-0.85467052696327,-0.85467052696327,0.377236,0.377236,0.377236,0.555353664,0.555353664,0.555353664
"6","Central",6,1620,4,-0.276073473925661,-0.11939375212002,-0.309102300852012,-0.888046320050483,5.51162339371108,0.835072074292114,-0.182121245250401,-0.468388466037141,4.01555729823466,3.42066477054642,11,310821.162954429,28658.525877622,3.84818785714286,0.274825167668436,3826785.71428571,0.05212324275,0.174331,0.42706052,1.15598802,0.502941279342181,0.546640559623608,-0.142340261249536,-0.200465734791427,11.462869986044,3.58906888970003,-0.08668803356112,-0.186121199532332,5.96695358160577,4.25291795029375,13,329886.341525858,32513.6341525858,3.85063285714286,1.759881647,0.540501,-0.31428998,1.08510802,1.15598802,1.01422802,-0.0256161271760617,0.502941279342181,-0.554173533694304,0.3683155,0.540501,0.19613,-0.7116656395,-0.078985701,-1.344345578
"7","Central",7,1625,6,0.510603117473999,-0.154739179121255,-0.752724990721676,0.819644018859472,8.05703418342153,6.50630822327455,-0.260118206358358,0.162629937073186,3.594715293745,6.17709182240021,14.6666666666667,416087.373271889,28253.817348662,3.85796785714286,0.254139954152233,3848214.28571429,-0.283772866666667,0.0463196166666667,-0.0149169799999998,0.86272002,2.03597724741323,0.0297243926114471,0.0720050191974213,1.63455833472141,17.3146193733972,9.95769178753997,-0.00944088368931693,0.488773812704168,4.93765340508456,7.82588540531119,16,446412.373271889,31725.883805135,3.86204285714286,1.650078611,0.452509,-1.05759998,-0.72750998,-0.39741998,-1.05759998,-0.205808147902166,-0.204068121526168,-0.207548174278165,-0.24240735,-0.0277307,-0.457084,0.820800455,1.650078611,-0.008477701
"8","Central",8,1635,2,-1.23818977965683,-0.345115542822791,-0.0332473153531783,0.317397733259034,2.4165641828535,6.32489502798827,-0.0295942629629518,0.102513618648563,3.19870291301237,6.17335081847363,9,115894.838709677,12002.1668830615,3.89382785714286,0.32171834238445,3926785.71428571,0.9380417305,0.287021666666667,0.69318102,1.64276802,-0.404358599967687,0.0344524801278521,0.7321389091217,2.10092265883264,10.1500496392937,15.6920291001509,0.203593018502024,0.733849871125963,4.31076685232471,7.78983369617752,12,291546.658986175,29154.6658986175,3.91420285714286,3.444868635,0.793162,-0.45896798,1.01950902,1.64276802,0.39625002,-2.4324545595088,-2.09765058562018,-2.76725853339742,0.4572765,0.744721,0.169832,2.656412657,2.697063455,2.615761859
"9","Central",9,1691,5,-0.142869963791626,-0.0943284276505735,-0.84921607465329,-1.39617040052184,6.58441806951554,-3.47613318409716,-0.288545116688721,-0.466752008044636,2.98111275542813,3.33769452998612,2.6,81588.2352941177,32568.6274509804,3.96473285714286,0.144517612073866,4082142.85714286,-1.2228276702,0.2278018,0.82760202,1.87707802,0.557500099992063,0.325653645457354,-0.471390057375538,0.119196176762779,15.0629790412915,1.46734199730915,-0.0475513745266935,0.239364027652902,4.60486848427476,7.1089260555582,3,85588.2352941177,40294.1176470588,3.96799285714286,0.420132894,0.599743,-0.0434579799999998,0.75971002,1.45055402,0.0688660200000002,0.499959911553175,0.557500099992063,0.442419723114287,0.0251685,0.318654,-0.268317,-1.408925089,-0.386287474,-2.431562704
"10","Central",10,1698,4,0.0177188715687908,-0.00673135778844786,-0.38989080365795,-0.630189308763071,3.95216436825016,0.598076655460843,-0.201376131980639,-0.30186155127209,3.22514783766837,4.54320076251807,5.625,90639.4289533995,15736.1161699528,4.16841732142857,0.0757334780647793,4205625,-1.3347052515,0.238283825,0.25559077,0.83404402,2.22198372205153,0.674316962054603,0.516214939584101,1.1191658932373,10.4453858854403,12.2351352722902,0.166023485361106,0.127439070035014,4.58299629798022,6.02757621967057,9,129235.064935065,30608.7662337662,4.40677142857143,1.719064611,1.22309,-0.0140059799999998,0.14832902,0.16586002,0.13079802,-0.215041626092524,-0.0462654972934699,-0.383817754891578,0.486491,0.723668,0.249314,-3.0630542065,-2.423745178,-3.702363235
"11","Central",11,1714,2,0.57541235367953,-0.0472908825409912,-0.113232289403516,0.197921495124414,1.33467402074786,-8.34145567062219,-0.184815402666224,0.164645029587227,3.63878501128972,1.71309277899879,8,89816.0173160173,12065.8283515426,4.49648571428571,-0.0414814068030928,4376428.57142857,-0.195493664,-0.16312,-0.39584598,-0.0948159799999999,0.597836695786776,0.195280861059707,0.38449197579984,0.445399391766715,1.61853105903289,-7.23517645637652,-0.0723936823416667,0.301794774289657,4.79058078237563,3.31264658541555,9,131435.064935065,18776.4378478664,4.51442857142857,1.540699062,0.183938,-0.69687598,-0.39584598,-0.0948159799999999,-0.69687598,0.57541235367953,0.597836695786776,0.552988011572283,-0.16312,0.183938,-0.510178,-0.195493664,1.540699062,-1.93168639
"12","Central",12,1719,3,-0.725929771580655,0.141908171517607,-0.0462998238044618,0.698261054851353,0.66108493690557,10.2726418216249,-0.207752004627683,0.163779173178109,2.63444716639185,5.98034105238194,5.66666666666667,41255.303030303,8285.65340909091,4.69385714285714,-0.0899995368563271,4478571.42857143,-0.161743850666667,0.0566916666666667,0.441010686666667,0.61044802,1.47143462351698,0.794978743927697,0.194521487437523,1.25226843835467,5.64460926752631,14.1100045248179,-0.171811449111167,0.305289903747686,4.07920740983162,7.481301721966,8,43951.1363636364,12121.2121212121,4.72974285714286,0.956734805,0.367052,0.22767402,0.54767902,0.61044802,0.48491002,-1.82461196912947,-1.40492049980182,-2.24430343845713,-0.0984885,0.109869,-0.306846,0.594007663,0.956734805,0.231280521
"13","Central",13,1724,2,0.914910514259752,0.180777811291577,-0.164701232618633,0.958454681756357,0.505111487943308,-0.499636434296468,-0.236857807512841,0.27143339368877,2.86964093539146,4.02236080331193,0.5,0,0,4.85534285714286,-0.0732067487151281,4562142.85714286,0.258420062,0.03432375,-0.40041898,0.11464202,1.13398431482454,0.352762253970348,-0.0362102177349889,1.85565761053591,6.23899741081138,1.32162200089898,-0.185373626794398,0.340800828683877,5.27617038623069,7.94009176645588,1,0,0,4.87328571428571,1.71847572,0.0547503,-0.91547998,-0.40041898,0.11464202,-0.91547998,0.914910514259752,1.13398431482454,0.695836713694959,0.03432375,0.0547503,0.0138972,0.258420062,1.71847572,-1.201635596
"14","Central",14,1739,3,-0.639461317741132,-0.374043061545878,-1.36611113966165,-1.28742772327879,-4.34469305206694,-0.846259265487285,-0.699844313968619,-0.270798200493978,1.8366130547518,5.70060266725139,3.33333333333333,47442.2222222222,16027.2222222222,5.41157142857143,0.0560539197484919,4850000,-2.469296807,-0.482218066666667,0.339417353333334,0.49599002,0.438583400693713,-0.152471218148843,-0.561474593595534,-0.18666144136727,-2.49990449814866,5.19118356624993,-0.501631777454257,0.276988008668545,3.02798788600295,7.25708010578016,4,50000,25000,5.44745714285714,-0.40373382,-0.0922972,0.24871802,0.26113102,0.27354402,0.24871802,-0.217145625401458,0.438583400693713,-0.872874651496629,-0.6771785,-0.386681,-0.967676,-1.6890658285,-0.40373382,-2.974397837
"15","Central",15,1748,2,-0.854586912670123,-0.218277753741652,-0.313869765330944,0.617641019632828,4.99120712569481,2.01656544165081,-0.177150716754538,0.0158706469976703,2.35082978285711,1.98505663893873,0.5,18348.3333333333,18348.3333333333,5.7166,-0.0783594945843313,5007857.14285714,-0.5344971815,0.018147,0.0844830200000002,0.80635802,-0.294409032078569,0.00688825538302299,-0.192600722049067,1.55920937059666,6.13829440727505,4.75545395122674,-0.149325310033318,0.0880120730182295,2.88797663688131,3.47337416256527,1,36696.6666666667,36696.6666666667,5.73454285714286,0.564548772,0.803211,-0.63739198,0.0844830200000002,0.80635802,-0.63739198,-0.854586912670123,-0.294409032078569,-1.41476479326168,0.018147,0.803211,-0.766917,-0.5344971815,0.564548772,-1.633543135
"16","Central",16,1755,4,-0.95812822825976,-0.190547587982757,0.248114217529256,-0.365318747299905,4.86690338334255,-0.961256885282528,0.0893147392274553,-0.176835807079715,3.33166033889476,4.06783546771649,2.5,92625,41166.6666666667,6.02872,-0.053899745016393,5156428.57142857,1.177372505,0.141195625,-0.0334434799999997,0.78052402,-0.375854228804418,0.0908406541768658,0.725634175155041,1.35288710482841,10.9717850621825,11.1837567035385,0.401237879623664,0.228493082847383,4.31071159436917,4.66811436284032,3,123500,61750,6.08832571428571,2.802681042,0.467112,-0.52040798,0.41280902,0.78052402,0.0450940200000002,-0.560756186670702,-0.375854228804418,-0.745658144536985,0.00191650000000002,0.288787,-0.284954,1.044010901,1.316367964,0.771653838
"17","Central",17,1770,3,0.582677148744814,-0.0287500086059255,-0.740433952257407,0.165808943101356,6.72983355867657,4.75762054762143,-0.446512069992978,-0.00198466345420299,2.8119687256482,4.04621309945059,3.66666666666667,6300,1750,6.60490857142857,0.188076715889549,5425714.28571429,1.451524177,0.0218186666666667,0.641656686666667,1.29294202,1.14300806685814,0.0651017646175102,-0.410582933025809,0.352286572056206,14.097695752806,7.73622815056309,-0.386452328165367,0.25476860932458,4.92007794916874,6.4847241305494,4,6300,2100,6.64464571428571,4.421142142,0.515787,-0.28450798,1.10473902,1.29294202,0.91653602,0.762346292665477,1.14300806685814,0.381684518472809,0.4375975,0.515787,0.359408,-0.0332848055,1.423516973,-1.490086584
"18","Central",18,1787,4,-0.884237651508437,-0.359065165372025,-0.177120919541437,-0.412993648258793,1.12953832086572,-2.63200635287538,-0.238047344956376,-0.0953397153857751,3.07367440330493,2.16786895584483,3,55416.6666666667,20251.3888888889,7.30030857142857,0.0231508737702728,5750714.28571429,0.7884639475,-0.38832555,0.13390052,0.57460602,-0.458893979130235,-0.0334861214531657,0.450241204079291,0.868165041143411,9.42615721918611,6.21418586026717,0.0783715791375713,0.504949031090962,5.26310558102263,4.50082298411932,5,63916.6666666667,30958.3333333333,7.35991428571428,2.177972421,-0.0605792,-0.84780598,0.54444702,0.57460602,0.51428802,-0.769616501374096,-0.458893979130235,-1.08033902361796,-0.2844801,-0.0605792,-0.508381,1.038294919,1.614967502,0.461622336
"19","England",1,1557,3,-0.00325987159554933,0.0439812874622476,-0.185729112129157,-0.36759355370776,4.02865731331555,4.95226252989745,-0.186341286762034,-0.315353431710447,3.01094963514331,5.4554822634989,9.66666666666667,14276.1492957984,1415.03264948989,3.40301,0.0466878014617419,615170,-1.61955976377778,-0.565580433333333,0.116902686666667,1.00678602,2.07862871418153,0.592934736717961,0.579959784094101,0.451552609457899,12.3583450903589,11.8553224976886,0.256908744561584,0.0884392817519566,5.11218808445399,8.42626269654803,16,21541.7691957166,2187.97435507962,3.562785,0.671999685,0.263666,-0.33777798,-0.27953498,-0.26731398,-0.29175598,-1.26818339475511,-1.00467109404945,-1.53169569546077,-0.15720645,-0.0874869,-0.226926,-3.1257530255,-2.863641771,-3.38786428
"20","England",2,1602,1,-1.92174736520821,0.0426864215262135,-0.0668823760224004,0.466964023541217,-1.87689622751011,5.70929000088312,-0.319700098180169,0.14724863835694,2.78864931027213,4.42523110707878,9,23716.7691957166,2635.19657730184,3.57107,-0.0106098586498531,646180,0.555353664,0.377236,0.0342100200000002,0.0342100200000002,-1.92174736520821,0.0426864215262135,-0.0668823760224004,0.466964023541217,-1.87689622751011,5.70929000088312,-0.319700098180169,0.14724863835694,2.78864931027213,4.42523110707878,9,23716.7691957166,2635.19657730184,3.57107,0.555353664,0.377236,0.0342100200000002,0.0342100200000002,0.0342100200000002,0.0342100200000002,-1.92174736520821,-1.92174736520821,-1.92174736520821,0.377236,0.377236,0.377236,0.555353664,0.555353664,0.555353664
"21","England",3,1623,3,-0.286865624639689,-0.318030262959585,-0.113457021178822,-0.224578299940166,-0.202442212495484,2.8816935927658,-0.147157155169093,-0.197074518938295,3.24712254401983,5.29585991814583,10.25,244754.831480979,21930.5093981328,3.56075,0.202607059958722,767500,-0.511622361333333,0.197537885833333,-0.0010328133333331,1.11377802,1.61505011720226,0.0168066338968097,0.447926989136671,0.690522490890358,6.99497241973085,12.6132043478224,0.116347848830263,0.35987152722182,4.98450377668841,9.05592217753076,18,444162.373271889,31725.883805135,3.566555,2.596062066,1.04712,-1.42844598,-0.41739098,-0.31428998,-0.52049198,-1.94440134456232,-1.87936764374998,-2.00943504537465,-0.21266505,0.0159669,-0.441297,-0.0953065359999999,1.759881647,-1.950494719
"22","England",4,1727,4,0.373010296668476,0.280786653278718,0.178124280033051,-0.438032883771463,3.42555528943572,3.50361406122828,-0.0907404238766139,-0.147417477921158,2.85337557610096,3.52112838596916,1.25,0,0,4.9465,-0.0870992342792548,997828.75,-1.17783192325,-0.735098,-0.12380648,0.50400802,1.70719350350806,0.610080575010002,0.458793501401347,0.233683248390823,7.70069202099168,8.23185094860805,0.041666725135217,0.205694572029361,4.24616871353207,5.5434861081035,2,0,0,5.02,1.856624179,-0.206899,-0.71429398,-0.10514298,0.50400802,-0.71429398,0.339085023559242,1.70719350350806,-1.02902345638957,-0.318906,-0.206899,-0.430913,-0.1875845795,1.856624179,-2.231793338
"23","England",5,1741,2,-3.32041306981731,-0.365242508499858,-0.419670027788966,0.00841351296683851,-9.33700354519717,3.43932690407337,-0.773359477301656,0.209828718765378,0.928132054594114,5.77889244830012,4,47830,11957.5,5.5835,-0.221696850331048,1045246.25,-3.2709021375,-0.3384491,-0.0727769799999997,0.49599002,-3.20871777330886,-0.315487797328015,-0.342171341885104,0.441707155651322,-4.48933631958623,5.84318702031233,-0.74558668288751,0.276988008668545,1.17806489869893,7.03094427450943,4,47830,11957.5,5.608,-2.512045511,-0.0922972,-0.64154398,-0.0727769799999997,0.49599002,-0.64154398,-3.32041306981731,-3.20871777330886,-3.43210836632576,-0.3384491,-0.0922972,-0.584601,-3.2709021375,-2.512045511,-4.029758764
"24","France",1,1515,1,1.15364706839141,-0.129119986909638,-0.767764555408694,0.434185326570311,8.5675595373859,10.6563611154388,-0.330992551835683,0.423423889169648,3.84837574731131,6.80096100189233,6,8275,1379.16666666667,7.2571,NA,15525000,-0.227701333,0.395779,0.0658040200000002,0.0658040200000002,1.15364706839141,-0.129119986909638,-0.767764555408694,0.434185326570311,8.5675595373859,10.6563611154388,-0.330992551835683,0.423423889169648,3.84837574731131,6.80096100189233,6,8275,1379.16666666667,7.2571,-0.227701333,0.395779,0.0658040200000002,0.0658040200000002,0.0658040200000002,0.0658040200000002,1.15364706839141,1.15364706839141,1.15364706839141,0.395779,0.395779,0.395779,-0.227701333,-0.227701333,-0.227701333
"25","France",2,1521,2,1.00205946184904,-0.0476925463032441,-0.0834222794927817,0.442720705742123,2.2601886092989,7.03330020609072,-0.186001559118111,-0.0582610603914653,2.87511720246742,5.30838357457803,11.5,43183.3333333333,3502.17948717949,7.27881,NA,15752500,0.6146971555,-0.0390895,-0.41177798,-0.25172998,1.59988419755407,0.30962857206587,0.242066408090838,0.989750943618597,2.96200115415061,9.96079985461304,-0.112399601167214,0.122619861402236,3.06912770818672,6.23332982140372,13,70733.3333333333,5441.02564102564,7.28048,0.632770955,0.288109,-0.57182598,-0.41177798,-0.25172998,-0.57182598,1.00205946184904,1.59988419755407,0.404234726144004,-0.0390895,0.288109,-0.366288,0.6146971555,0.632770955,0.596623356
"26","France",3,1527,6,0.266807113456077,-0.048431939315561,-0.575287420956181,0.424558775600027,1.86700676755101,0.71225054427382,-0.233712513144288,0.122747135335104,3.47027118395222,5.46408764030307,8.5,13205.5555555556,1588.87135241302,7.30553,NA,16032500,0.0592486476666667,-0.398006816666667,0.10252902,0.67142602,2.1204026931737,0.429896344789523,-0.0280231093938839,1.90938744315086,11.1405863338227,17.0509693853507,-0.125231071547825,0.463550344131074,4.74500892100615,7.21627941225651,11,16296.6666666667,2205,7.31388,2.739610504,0.0183651,-0.55644998,0.30385802,0.67142602,-0.0637099799999998,1.61692814855504,2.07904934320862,1.15480695390146,-0.23205495,0.0183651,-0.482475,0.273456834,2.739610504,-2.192696836
"27","France",4,1545,1,1.74392506251627,0.224114664756983,0.2813341531512,0.6616891128326,1.88190241481415,11.4267207608268,-0.107314036265243,0.175241697905771,2.83571612884137,7.07376052338585,7.5,10598.5028860029,1266.10028860029,7.38569,NA,16872500,0.537285897,-0.0875865,0.20230802,0.68480402,3.38687870452286,0.532503192122451,0.452583250913889,1.21838122032819,4.35321745392176,17.4548573138999,-0.0291082811604813,0.31147680986478,3.7673733390283,8.04493887395093,10,17072.0057720058,1707.20057720058,7.41408,2.105954239,0.244261,-0.28018798,0.20230802,0.68480402,-0.28018798,1.74392506251627,3.38687870452286,0.100971420509684,-0.0875865,0.244261,-0.419434,0.537285897,2.105954239,-1.031382445
"28","France",5,1573,2,0.00789403313445847,0.0646763930643148,-0.783869911134887,-0.936698507645725,10.7693851242865,5.03401888925428,-0.196606390708088,-0.306528501536443,4.4639659604716,5.21302139811575,11,25621.9696969697,2306.875,7.45249,NA,17572500,-0.464085956,-0.31340645,-0.11117198,0.13169402,0.136709126812432,0.308141037960887,-0.671812973804196,0.311708779190223,11.4339081226596,12.5862772283438,-0.132125484550671,0.215065357157621,4.50314350354579,7.25385805040651,12,30638.6363636364,2553.2196969697,7.45416,0.375256409,-0.0650749,-0.35403798,-0.11117198,0.13169402,-0.35403798,0.00789403313445847,0.136709126812432,-0.120921060543515,-0.31340645,-0.0650749,-0.561738,-0.464085956,0.375256409,-1.303428321
"29","France",6,1585,3,0.538371990010334,0.189670571204024,-0.789533059175817,-0.664495509999816,7.23808822295948,-5.88375697577888,-0.359777568117467,-0.394295782612858,3.80963637354891,4.4888496341539,6,5460.85858585859,844.539141414141,7.49424,NA,18010000,-2.022775496,-1.05953466666667,0.127173353333334,0.63472602,2.06060861330649,0.592934736717961,-0.430505516372159,0.219511769604564,13.6489648465441,6.62030341014583,-0.256640870558585,0.0884392817519566,5.11218808445399,5.13605656504836,8,9905.30303030303,1238.16287878788,7.49758,-0.78466431,-0.565654,-0.23022398,0.30587202,0.63472602,-0.0229819799999998,0.91032880768709,2.06060861330649,-0.239950997932307,-0.995982,-0.565654,-1.42631,-1.1166297645,-0.78466431,-1.448595219
"30","France",7,1593,6,0.476650653413941,0.0773494600170185,-0.641211025342222,-0.470251026283159,2.961965733432,7.33148551537974,-0.300992975483133,-0.153508790660185,3.40797059674392,5.73184147864208,15.1666666666667,20858.4358623832,1394.23361079768,7.52597,NA,18342500,-1.0673603465,-0.4338511,0.589062353333334,1.47202802,1.9626678833792,0.296743802470935,-0.301286863977707,0.452144398414742,8.61627748067448,23.1719903546857,-0.168924615357529,0.522708556501061,5.04599814433196,8.42626269654803,18,21541.7691957166,1653.48076630971,7.53432,0.510947759,-0.0855376,-0.12327598,0.70601702,1.47202802,-0.0599939799999997,0.485184577230908,1.17214079610539,-0.201771641643576,-0.2513453,-0.0855376,-0.417153,-1.3940882955,-1.294762317,-1.493414274
"31","France",8,1631,2,0.489851739713654,-0.370739082194914,-0.122924385653344,-0.243909622132768,-1.64711944912153,-1.06876024168812,-0.131360597256476,-0.115498324039752,2.31895374886481,4.95094734294325,11.5,277205.230414747,24143.448104315,8.19809,NA,19602500,-0.5328189155,-0.1664665,-0.00564297999999983,0.16464202,1.48733642612516,-0.0887326665831386,0.447478104335304,-0.113115633978754,2.56398531709408,-0.594390658801806,-0.0182986568506325,0.065835673515709,2.39855864671056,5.66092023560319,12,279055.230414747,25032.2936740679,8.20852,-0.282763074,0.12341,-0.17592798,-0.00564297999999983,0.16464202,-0.17592798,0.489851739713654,1.48733642612516,-0.507632946697847,-0.1664665,0.12341,-0.456343,-0.5328189155,-0.282763074,-0.782874757
"32","France",9,1648,5,0.00608381928989685,-0.294879120060156,-0.34205062386369,-0.0615716498314038,8.37415008618252,11.3272994655948,-0.113586290294325,-0.0469149437122604,4.12823860568523,5.62024347848453,12,116941.665130568,8003.97213688343,8.584,NA,20250000,0.2736816428,0.09396738,0.0503680200000002,1.58624402,0.861598321161743,-0.126811409376985,-0.0922283798747386,1.13136492896149,10.8671447741941,19.7228432961138,-0.0658982660605478,0.30426006004276,4.98450377668841,7.78983369617752,18,399654.992319508,22203.0551288616,8.62572,3.10053445,0.793162,-1.42844598,-0.15733398,1.11377802,-1.42844598,0.741423027240169,0.861598321161743,0.621247733318596,0.12363205,0.261388,-0.0141239,0.624772777,2.596062066,-1.346516512
"33","France",10,1661,2,-0.0522483364903676,-0.0509531963956787,0.224693728563027,0.931225427281849,-0.489104375772079,1.03866365425335,-0.0182485627262366,0.48442655077902,3.47281400001034,5.79661632982545,6,21836.1904761905,3765.93197278912,8.82389,NA,20652500,1.6485484295,0.3280405,0.49639602,1.38201602,0.358337842893172,0.0344524801278521,0.320629314478985,0.977981069276323,0.687342804919,4.40345001409827,0.0398354935816497,0.733849871125963,4.31076685232471,6.36515577620661,7,22626.6666666667,4525.33333333333,8.83432,3.444868635,0.47642,-0.38922398,0.49639602,1.38201602,-0.38922398,-0.0522483364903676,0.358337842893172,-0.462834515873907,0.3280405,0.47642,0.179661,1.6485484295,3.444868635,-0.147771776
"34","France",11,1676,1,-2.44833643031447,-0.68048329194126,0.493952340214796,0.00979316986569578,-3.04361371515609,-4.1142819825513,-0.125284131915277,-0.243126392458971,2.61560307602782,5.21350559837752,7,43857.1428571429,6265.30612244898,9.12636,NA,21160000,-3.095155196,0.316135,-0.86482798,-0.86482798,-2.44833643031447,-0.68048329194126,0.493952340214796,0.00979316986569578,-3.04361371515609,-4.1142819825513,-0.125284131915277,-0.243126392458971,2.61560307602782,5.21350559837752,7,43857.1428571429,6265.30612244898,9.12636,-3.095155196,0.316135,-0.86482798,-0.86482798,-0.86482798,-0.86482798,-2.44833643031447,-2.44833643031447,-2.44833643031447,0.316135,0.316135,0.316135,-3.095155196,-3.095155196,-3.095155196
"35","France",12,1693,3,-1.43454503048326,-0.253196151188792,-0.422723626017927,-0.926827733186198,3.91740922933726,3.38251270184442,-0.302297315758705,-0.245649798065612,2.75614087077762,4.3817306076043,2.33333333333333,82254.9019607843,36372.5490196078,9.50184,NA,21790000,-1.09876272433333,0.362890666666667,0.872863353333334,1.87707802,-0.31877093993385,0.0560607863626185,0.106346178756586,-0.0175864591185319,18.2500464174025,8.70792341256463,-0.0475513745266935,0.239364027652902,3.41898391478958,7.1089260555582,3,85588.2352941177,40294.1176470588,9.5227,0.420132894,0.599743,-0.0434579799999998,0.37075602,0.78497002,-0.0434579799999998,-1.63157415117958,-0.31877093993385,-2.94437736242532,0.430564,0.599743,0.261385,-0.627359947,0.420132894,-1.674852788
"36","France",13,1709,2,-1.8168702693554,-0.33307863901456,0.0236271283574179,-0.628123410231183,-4.87051119634171,3.61322583873403,-0.334086539756905,-0.192083977769706,2.0818769448787,4.4151906315317,6.66666666666667,75366.5115440115,11580.7139528791,9.91013333333333,NA,23598333.3333333,-0.564468123833333,-0.390523366666667,0.448594353333334,0.83404402,0.369500297261014,0.151788632809593,1.04324634207731,0.466769081259984,9.65212676000712,22.0773941953097,0.0130538462387286,0.305289903747686,4.58299629798022,7.481301721966,9,127235.064935065,18176.4378478664,10.1354,1.961015518,-0.0922972,0.0965780200000002,0.46531102,0.83404402,0.0965780200000002,-0.454359268042071,0.369500297261014,-1.27821883334516,-0.2982635,-0.20029,-0.396237,0.7125259095,1.719064611,-0.294012792
"37","France",14,1747,1,-0.187806233838141,0.181112784096447,-0.234426923727653,0.402831224129006,1.92417192557944,1.38233574884826,-0.240879938617209,0.0342320805131896,1.55926233067879,3.83891104855885,2,36696.6666666667,18348.3333333333,10.2098,NA,25290000,-0.161715567,0.743432,1.37862202,1.37862202,-0.187806233838141,0.181112784096447,-0.234426923727653,0.402831224129006,1.92417192557944,1.38233574884826,-0.240879938617209,0.0342320805131896,1.55926233067879,3.83891104855885,2,36696.6666666667,18348.3333333333,10.2098,-0.161715567,0.743432,1.37862202,1.37862202,1.37862202,1.37862202,-0.187806233838141,-0.187806233838141,-0.187806233838141,0.743432,0.743432,0.743432,-0.161715567,-0.161715567,-0.161715567
"38","France",15,1788,2,-0.712766460496449,-0.451735595578245,0.0429983238656305,-0.280473704341765,1.57584852365177,-1.51886712383366,0.0360114984068757,-0.44610613151774,2.57844399545463,2.73411725244296,3.5,62916.6666666667,21870.8333333333,11.43742,NA,28195000,0.2571305165,-0.5386085,0.43456002,0.57460602,-0.342411812161206,-0.423049608150687,0.50115788764297,0.904406879222625,5.06855962782364,9.72279699607876,0.0783715791375713,-0.0193496417540629,4.33586020518595,4.50082298411932,5,63916.6666666667,30958.3333333333,11.45288,1.614967502,-0.508381,0.29451402,0.43456002,0.57460602,0.29451402,-0.712766460496449,-0.342411812161206,-1.08312110883169,-0.5386085,-0.508381,-0.568836,0.2571305165,1.614967502,-1.100706469
"39","Ireland",1,1523,1,-1.10481839782885,-0.347311342588906,-0.128787338783685,-0.0712820289149233,6.52866490653428,13.113492984774,-0.17124279872412,-0.085306116163707,3.62373628641472,5.5558077118574,9,11451.6666666667,1227.29437229437,0.72479,NA,816421.25,0.7559967655,0.10586915,0.16120802,0.45812002,0.152570095315038,-0.228721578602063,-0.0799706644134133,0.0105314140293895,7.4107157912556,13.425801655319,-0.0788964926427345,-0.0126089026888272,4.14479723574522,6.65313560633526,11,15733.3333333333,1430.30303030303,0.92246,2.026692122,0.274097,-0.13570398,0.16120802,0.45812002,-0.13570398,-1.10481839782885,0.152570095315038,-2.36220689097273,0.10586915,0.274097,-0.0623587,0.7559967655,2.026692122,-0.514698591
"40","Ireland",2,1586,4,0.440029328936393,0.15225909893136,-0.178221897391616,-0.280351779565448,3.61234629570472,7.38621184456172,-0.301425760180066,-0.333328789137233,2.81328887676662,5.00287213995907,8.375,16841.1896217817,1923.94783518139,0.1161925,NA,1028093.75,-2.340676137875,-0.617769875,-0.21812373,0.63472602,1.9096701861716,0.680213493930635,0.106767735633636,0.279180161644715,8.86913507304331,10.9744342318471,-0.000174581431387949,0.159319651538603,4.00418010954194,8.06233045286305,10,24466.7691957166,2852.09614946457,0.16772,0.555353664,0.377236,-1.20036598,0.20225102,0.63472602,-0.23022398,1.38427220990265,1.9096701861716,0.858874233633709,-0.876147,-0.565654,-1.18664,-2.3098656345,-0.78466431,-3.835066959
"41","Ireland",3,1641,12,0.0679760584212854,0.0321985666342817,-0.122993846661322,-0.129095633449418,4.67614825048906,7.44782655563025,-0.26460221060297,-0.0906816055324438,3.61868774556219,5.66086117089224,12.4166666666667,222955.689324117,17148.6865585594,2.561685,NA,1529093.75,-1.1733953225,0.575775741666667,-0.186039313333333,1.58624402,2.6592488288333,0.956565140318503,0.140572212963565,0.113358408759857,10.776731932347,16.5632205027008,-0.0658982660605478,0.329006155860833,4.98450377668841,7.78983369617752,18,399654.992319508,26979.9993017735,2.86468,3.10053445,1.23283,-1.42844598,-0.41814098,-0.14306798,-0.69321398,1.74103260060658,2.1951928828617,1.28687231835147,0.982852,1.07201,0.893694,-4.059625683,-2.908091565,-5.211159801
"42","Ireland",4,1725,3,1.85317994989436,0.179947023417104,0.190413736461259,-0.363247638364905,9.02995231328322,2.91524829527027,0.0464043307533363,-0.0379918651627335,2.94371048510624,3.20813463952606,0.666666666666667,0,0,6.4372,NA,2684525,-1.88885205033333,0.1084524,-0.21935398,0.50400802,2.1547806801742,0.610080575010002,0.588040730241064,-0.29745462937155,15.768504041582,6.3738337418311,0.28291989391919,0.205694572029361,5.27617038623069,5.5434861081035,2,0,0,6.4729,-1.201635596,0.518359,-0.91547998,-0.58103498,-0.24658998,-0.91547998,1.75134869079568,2.1547806801742,1.34791670141716,0.2661281,0.518359,0.0138972,-1.7173814065,-1.201635596,-2.233127217
"43","Ireland",5,1740,2,-1.07144592947463,-0.413658937638544,-0.232302684462807,-0.426582266938283,-1.44316128738949,1.04794770870655,-0.337282038932203,-0.0888226816828253,2.4547802906126,4.28081506240481,3,84831.6666666667,36645.4166666667,7.304215,NA,3201181.25,-0.85745543025,-0.169337175,0.0939110200000002,0.49599002,0.850189339729925,-0.0500038710047033,0.0687359828754715,0.366078549897309,12.8777684204918,23.1215642837092,0.401237879623664,0.276988008668545,4.31071159436917,5.31788727388319,4,123500,61750,7.68124,2.802681042,0.288787,-0.43898398,0.38476702,0.49599002,0.27354402,-2.07202791697721,-0.877505761114922,-3.26655007283951,-0.5299866,-0.0922972,-0.967676,-3.5020783005,-2.974397837,-4.029758764
"44","Ireland",6,1782,3,-1.33110458373138,-0.167060183797063,-0.298094626359374,-0.357916087412273,4.95278424292148,-4.94125480223775,-0.289741987416885,-0.519405495555506,1.61074022826992,2.27734073095594,3.33333333333333,4722.22222222222,1729.16666666667,9.11956,NA,3993387.5,3.470571036,-0.3907953,0.31938202,1.69837402,-0.752434145768971,0.287593816140602,0.0597194196596847,-0.0556834887152334,14.5623947767793,2.72442286655358,-0.0454259822068034,-0.202154422602527,3.49771182881585,3.85776572523922,4,6583.33333333333,3291.66666666667,9.17488,6.61136999,0.0680941,-0.97855798,0.35990802,1.69837402,-0.97855798,-1.14474530880636,-0.752434145768971,-1.53705647184376,-0.45809495,0.0680941,-0.984284,2.9937869095,6.61136999,-0.623796171
"45","Italy",1,1502,4,-1.00584470838751,-0.448067866422442,-0.273229353116673,-0.142791679896019,8.59467489499355,16.6420427654718,-0.0601284724228946,-0.163592142887696,3.30236661904212,5.79535983238817,8.75,16633.3333333333,1651.88311688312,14.80758,NA,10070000,-1.1601578395,-0.4504285,0.12352152,0.38421402,-0.512407534236108,0.146172730042822,-0.157289442746439,0.380194193219987,14.6579768465722,19.7474405067321,0.0161969028672043,0.225488275461728,4.2930570608265,7.39413665947198,11,32066.6666666667,2915.15151515152,14.9094,0.244743395,-0.213222,-0.0842439799999998,0.0970580200000002,0.14872002,0.0453960200000002,-0.836727954049996,-0.512407534236108,-1.16104837386388,-0.397326,-0.213222,-0.58143,-0.906453186,0.244743395,-2.057649767
"46","Italy",2,1518,3,-0.305851268396883,0.00239497011930227,-0.218819678434977,-0.0466846927964273,1.88895030555461,9.47217506530885,-0.231632197845243,-0.102998297301697,3.50063756805038,4.76055888143806,8.16666666666667,8870.55555555556,1016.46394500561,16.16518,NA,10470000,-0.00586382000000004,0.0255551833333333,0.254441686666667,0.67142602,0.528484929973618,0.429896344789523,0.0706197604693113,0.524723592305437,4.88438304749229,13.7546919847209,-0.125231071547825,0.104373268706571,4.74500892100615,6.42252800283018,11,16296.6666666667,1810.74074074074,16.53852,2.739610504,0.443957,-0.0637099799999998,0.21017602,0.24523402,0.17511802,-0.714052308004017,-0.565835710903412,-0.862268905104622,0.153913,0.443957,-0.136131,0.0933320985,0.277732678,-0.091068481
"47","Italy",3,1533,2,-0.554840450632364,-0.149019250415801,-0.416498162949554,-0.11521489273267,7.45802065794488,17.2151721728711,-0.00930263892839336,-0.155877897638836,3.47975333444853,5.99308369894197,9,7633.33333333333,889.583333333333,16.84398,NA,10670000,0.048904479,-0.3341985,-0.11424098,0.20696202,-0.458279402285124,-0.126208011649368,-0.392296499925754,0.294280078184648,11.4510309330091,18.9588522697523,0.0673178934905991,0.182233451089162,4.09796220552922,7.78209889727656,10,10100,1262.5,16.87792,0.277854428,-0.108316,-0.43544398,-0.11424098,0.20696202,-0.43544398,-0.554840450632364,-0.458279402285124,-0.651401498979605,-0.3341985,-0.108316,-0.560081,0.048904479,0.277854428,-0.18004547
"48","Italy",4,1539,11,-0.371682254374901,-0.0883801674257848,-0.362108781140185,0.00553491145661942,3.39175933379084,12.2565709484554,-0.240323144060006,-0.141853259509683,3.21738810800539,4.98606540123615,4.85714285714286,15650,2803.37301587302,17.42096,NA,10840000,-2.36393252728571,-0.1526234,0.321353734285715,1.24742802,0.784612673377297,0.145695032513734,0.22219638441377,0.274681379563733,8.48662266874435,18.9898402919247,0.108371058094255,0.191084401606824,4.72758211547937,7.0677784068607,7,34791.6666666667,6133.33333333333,17.6246,0.866658107,0.49769,-0.71671198,0.55659402,0.75675202,0.35643602,-0.923746877823856,-0.272136491034828,-1.57535726461288,0.09511,0.49769,-0.30747,-4.280841103,-4.112306683,-4.449375523
"49","Italy",5,1550,3,-0.64298012114318,0.0135505560669487,-0.0923817896922434,-0.299084683806336,5.55815785652676,11.9542824954806,-0.0481176607448212,-0.0455175739454876,3.13883252422845,5.3115298060631,8.33333333333333,15182.6256613757,1909.84163727219,18.3034,NA,11100000,-0.844101174,-0.246687016666667,-0.19984798,0.59871402,0.0612701683017035,0.266180177089073,0.152183586795051,0.120114597728443,13.0369972600551,15.9335808432845,0.256908744561584,0.290654833771038,4.47907887596622,7.71253098670129,12,22633.3333333333,3233.33333333333,18.6428,0.671999685,0.542368,-0.54877198,0.17862902,0.59871402,-0.24145598,-0.586098669398356,0.0612701683017035,-1.23346750709841,0.28642295,0.542368,0.0304779,-1.0375290795,0.066745428,-2.141803587
"50","Italy",6,1569,4,-0.321728770096143,-0.335818493577893,-0.02214979039139,-0.406006328122382,2.54315984690991,12.2021851648809,-0.0682291008062115,-0.296007866034938,2.33831853006651,6.88187624721071,14,19685.7954545455,1404.74256567296,19.35554,NA,11410000,-1.0909284265,-0.144304,-0.14822598,0.39434602,0.095387778494733,0.0953285523669825,0.329551329949352,-0.22813478359104,12.3352011596069,17.3062951009543,0.00658680368947855,0.126209492707054,2.77720670649862,9.62430684412542,16,30638.6363636364,1914.91477272727,19.45736,0.144179403,0.411505,-0.77881598,0.13781202,0.39434602,-0.11872198,0.0362717745155898,0.095387778494733,-0.0228442294635534,-0.428921,-0.415703,-0.442139,0.104282224,0.144179403,0.064385045
"51","Italy",7,1586,2,0.187293808684843,0.191009568585712,-0.626936004873933,-0.62370304895144,1.18950795300269,10.4836019399185,-0.411345916896908,-0.635663314795265,3.15836051809637,4.5066735118455,6.5,6571.9696969697,942.945075757576,20.44162,NA,11730000,-2.3098656345,-0.876147,0.20225102,0.63472602,0.188447911476407,0.592934736717961,-0.372592694824694,-0.191559590227528,1.96932701434547,11.9379526189133,-0.278272355584319,-0.41105514682023,4.00418010954194,5.13605656504836,8,9905.30303030303,1238.16287878788,20.47556,-0.78466431,-0.565654,-0.23022398,0.20225102,0.63472602,-0.23022398,0.187293808684843,0.188447911476407,0.186139705893278,-0.876147,-0.565654,-1.18664,-2.3098656345,-0.78466431,-3.835066959
"52","Italy",8,1590,4,0.564247977432945,0.048068029361812,-0.512389256917343,-0.00536928598074304,5.52789011654442,13.6860761606451,-0.228688477444169,-0.232369607949074,3.67645926001284,5.3511506975746,10.25,15682.840624288,1530.23001791094,20.78102,NA,11830000,-2.48968861275,-0.6627934,0.0216440200000002,0.69814602,1.01931149967269,0.164839104347839,-0.287231145543186,0.167153537114958,9.48796248491628,15.4294635889061,-0.0803008771033201,0.146640844528494,5.59082190502073,7.08630318588268,12,19841.7691957166,1784.79975190502,20.88284,-1.493414274,-0.0855376,-0.59450998,0.0518180200000002,0.69814602,-0.59450998,0.616590600846909,1.01931149967269,0.213869702021123,-0.9417645,-0.461499,-1.42203,-1.998589275,-1.74139193,-2.25578662
"53","Italy",9,1600,2,0.616837115515323,0.154765208669395,-0.657962472039047,-0.385613276380925,7.44583300032122,15.18104136465,-0.396816957852732,-0.478326691455145,3.28907040861536,6.12670735845995,10,18498.426463887,1849.01719691791,21.25784,NA,12040000,-1.888253166,-0.5517335,0.0701465200000002,0.91490802,1.65398709803615,0.680213493930635,-0.276372884508195,1.43410924367039,9.57441678161269,20.0579032599007,-0.266147332039461,0.40121417535139,5.07600531310114,8.06233045286305,11,24466.7691957166,2446.67691957166,21.358,-0.308729149,-0.208526,-1.20036598,-0.61444898,-0.0285319799999998,-1.20036598,1.17345220073882,1.65398709803615,0.692917303441492,-0.8519115,-0.529803,-1.17402,-3.4676303325,-2.508019272,-4.427241393
"54","Italy",10,1618,5,-0.100801195933971,-0.0521502602666253,-0.153790403599387,-0.283696876177309,2.02267095740515,10.922255856452,-0.269218502819131,-0.325414960150883,3.76158102782014,4.0309699320989,10.4,319137.690732207,32032.4800865204,20.8572,NA,12200000,-0.8338951324,0.02559782,0.46881962,1.15598802,0.578491047444391,0.546640559623608,0.133581530746731,0.370463503849511,4.95425100482498,13.0024179109828,-0.08668803356112,0.163020708539635,5.96695358160577,7.02338847279638,13,329886.341525858,44453.6610343062,20.90728,1.228870053,0.540501,-0.14768398,0.16078302,0.30889402,0.0126720200000003,0.0359312554024498,0.578491047444391,-0.506628536639492,-0.276684,-0.260653,-0.292715,-1.309043493,1.228870053,-3.846957039
"55","Italy",11,1628,2,0.29557426631631,-0.165159764989447,-0.608888508758816,0.0416896690037028,6.84116248736737,12.6943437642703,-0.145994533673973,-0.0726783316215143,4.14936915440742,5.88431999207394,14.5,349347.018049155,23136.3863992057,20.39396,NA,12385000,-0.239335452,0.1734299425,-0.0447919799999998,1.11377802,1.81834981071862,-0.0133849866225376,-0.162427325940179,0.274803403620461,12.8880387894084,18.657096401895,-0.00944088368931693,0.306109800481935,4.98450377668841,6.27572481243452,18,446412.373271889,31725.883805135,20.65688,2.596062066,0.452509,-1.42844598,0.0677500200000002,0.54896602,-0.41346598,1.19810648443255,1.81834981071862,0.577863158146473,0.223227835,0.452509,-0.00605333,-1.103443681,0.239566336,-2.446453698
"56","Italy",12,1659,4,-0.901656582989451,-0.399542739465988,0.112944200763979,-0.116034036498158,3.02554512350379,11.5847474775112,-0.0913475138879771,0.156228788472188,3.12224249034506,5.22526155036863,7.5,22481.5773809524,3167.79733560091,19.84308,NA,12605000,2.2117331095,0.11878225,0.20839152,1.38201602,-0.63973343063002,0.0344524801278521,0.327539855040628,0.689450148542293,5.08545937162044,12.9702243814352,0.0398354935816497,0.733849871125963,4.31076685232471,6.36515577620661,9,25208.2142857143,4525.33333333333,19.88064,3.489502562,0.47642,-0.38922398,-0.0796129799999998,0.0457660200000002,-0.20499198,-0.986256412631243,-0.864113826454472,-1.10839899880801,-0.090476,0.151235,-0.332187,2.7749177895,3.489502562,2.060333017
"57","Italy",13,1678,2,-0.477071793060671,-0.175289218140258,-0.468286725685857,0.0478133755674057,5.31773563388767,11.8146144070259,-0.0662282680313642,-0.219252645717,1.92292205827975,3.69426366124221,7.5,26495.2380952381,3361.60714285714,19.39236,NA,12785000,-1.340555059,-0.0163715,-0.71123298,-0.50193998,0.167996396432574,0.177332254340877,-0.122493668098258,0.548547454795979,7.90307059764699,13.8768345484108,-0.00324453080415619,0.167930731458274,2.11064714914458,4.75671310685341,8,47423.8095238095,5927.97619047619,19.40488,-0.259387127,0.208068,-0.92052598,-0.71123298,-0.50193998,-0.92052598,-0.477071793060671,0.167996396432574,-1.12213998255392,-0.0163715,0.208068,-0.240811,-1.340555059,-0.259387127,-2.421722991
"58","Italy",14,1693,3,-0.128483332944749,-0.253196151188792,-0.288784642515182,-0.455455419907733,3.63486944214187,14.6465952251613,-0.302297315758705,-0.245649798065612,2.75614087077762,4.3817306076043,2.33333333333333,82254.9019607843,36372.5490196078,19.00424,NA,12940000,-1.09876272433333,0.362890666666667,0.872863353333334,1.87707802,0.159467046907558,0.0560607863626185,0.154532933023673,-0.1432862134499,6.26962755551332,23.2266733812102,-0.0475513745266935,0.239364027652902,3.41898391478958,7.1089260555582,3,85588.2352941177,40294.1176470588,19.02928,0.420132894,0.599743,-0.0434579799999998,0.37075602,0.78497002,-0.0434579799999998,-0.272458522870903,0.151142214541733,-0.696059260283538,0.430564,0.599743,0.261385,-0.627359947,0.420132894,-1.674852788
"59","Italy",15,1708,2,-0.300472964090282,-0.0504596004311092,-0.0512893922342105,-0.471435166214363,2.11412184726714,20.4245911997201,-0.268115312706186,-0.563928253604128,4.64764735759197,5.29526472638368,6.5,134360.064935065,20878.6410018553,18.71086,NA,13510000,0.4925567355,-0.2874995,0.10991702,0.12325602,-0.0523503944182389,0.151788632809593,0.0108319785050059,0.60013240121278,2.78028031572153,22.3769912153558,-0.15639409082106,-0.259851267340535,4.71229841720373,7.52072323990394,7,141485.064935065,23580.8441558442,18.71928,1.279126263,-0.178762,0.0965780200000002,0.10991702,0.12325602,0.0965780200000002,-0.300472964090282,-0.0523503944182389,-0.548595533762325,-0.2874995,-0.178762,-0.396237,0.4925567355,1.279126263,-0.294012792
"60","Italy",16,1716,1,-0.568130968763358,0.028372267746227,-0.4186085467406,-0.123552363832441,1.33627684208314,12.0156731258451,-0.249376951326138,0.0597896455041989,0.714475491094197,4.40350632319262,5.5,28848.4848484848,2884.84848484848,18.5172,NA,14200000,-0.715592182,-0.49419485,-0.30958698,0.11464202,-0.260662734417486,0.352762253970348,-0.172007007941433,0.549969904552078,2.27944481747016,14.9067839629303,-0.210411914420991,0.340800828683877,0.965839497636175,7.94009176645588,10,57696.9696969697,5769.69696969697,18.58456,1.71847572,0.0547503,-0.73381598,-0.30958698,0.11464202,-0.73381598,-0.568130968763358,-0.260662734417486,-0.87559920310923,-0.49419485,0.0547503,-1.04314,-0.715592182,1.71847572,-3.149660084
"61","Italy",17,1743,3,0.044493717202808,-0.109910414629573,-0.382950626860883,-0.439155842364427,2.58919980969622,6.29985560778365,-0.268891873834863,-0.0398392740331504,2.93356875500019,2.46627590775147,3.33333333333333,47491.1111111111,14390.1851851852,18.11304,NA,15640000,-0.962975088666667,-0.237130666666667,0.173017353333334,0.60746802,1.05678028689836,-0.052335399107051,-0.174912565703139,-0.0223389604786158,4.38571643848085,11.4440761252338,-0.215135851939235,0.562433313059151,4.05995956593365,3.64036887172256,4,51846.6666666667,16865.5555555556,18.12988,-0.285092007,-0.070602,-0.24990998,-0.0442079799999997,0.16149402,-0.24990998,0.332269749081387,1.05678028689836,-0.392240788735583,-0.1167485,-0.070602,-0.162895,-1.2041875695,-0.285092007,-2.123283132
"62","Italy",18,1764,4,0.206480854050162,-0.222512695762809,-0.391574953826327,-0.0904240762102458,4.91113768072138,10.1388604009485,-0.208188578082156,-0.019301973526854,2.21941122500585,2.10062105846293,2,0,0,19.71173,NA,16930000,-0.64030065225,0.091031275,0.40212752,1.19292802,1.40701759682322,-0.126419861299123,-0.0406223284437921,0.650090143260087,6.69644216230239,17.2621456904116,0.145901055980426,0.517229732269466,4.09657415489042,5.09218502418015,3,0,0,19.87622,0.633055133,0.349358,-0.41168398,0.41363302,0.41677402,0.41049202,0.67649563766881,1.40701759682322,-0.0540263214855982,-0.05247195,0.0512801,-0.156224,-0.092413371,0.633055133,-0.817881875
"63","Low",1,1521,2,-0.718898781644528,-0.269943247049918,0.052846283007121,-0.430739956593299,0.121764948068323,-0.0375859619691414,-0.153869172440771,-0.328381039176475,3.23684056638823,5.23874202866932,11.1666666666667,28641.7676767677,2398.29035355077,16.4027044444444,0.109088264491241,858805.555555556,-0.466277170333333,-0.00696698333333333,-0.179416646666666,0.45812002,1.25705879653718,0.30962857206587,0.623866193459799,1.38615103129229,10.0236336543576,18.8203348115537,0.00658680368947855,0.122619861402236,4.42478841739742,6.65313560633526,16,70733.3333333333,5441.02564102564,16.68776,2.026692122,0.411505,-0.57182598,-0.41177798,-0.25172998,-0.57182598,0.445035337697106,1.25705879653718,-0.366988121142969,-0.0390895,0.288109,-0.366288,0.6146971555,0.632770955,0.596623356
"64","Low",2,1585,3,0.0253686999424004,0.0903185520451437,-0.647095654392705,-0.383433385365257,5.78647237718811,-11.1905950995744,-0.325207809235001,-0.240859768907267,3.79465000954033,4.78760014309071,11.3333333333333,13301.3138907876,1059.40614372632,16.0036266666667,0.407906179249746,974500,-1.6202731345,-0.8298225,0.310779353333334,1.00678602,1.81216977681914,0.592934736717961,-0.432719673036623,1.02434361912006,17.1533610604709,1.58151400116332,-0.168924615357529,0.522708556501061,5.11218808445399,6.84478016287632,18,21541.7691957166,1346.36057473229,16.0622666666667,0.510947759,-0.404132,-0.23022398,0.30587202,0.63472602,-0.0229819799999998,0.744167742689421,1.81216977681914,-0.323834291440303,-0.995982,-0.565654,-1.42631,-1.1166297645,-0.78466431,-1.448595219
"65","Low",3,1625,2,0.58866703860693,-0.302058200811554,-0.427222171989353,1.06155158403972,0.0163982622414776,0.503965805309588,-0.291027086267612,0.424322669962994,3.43648477485744,5.99659461785996,15,443206.817716334,29547.1211810889,17.1730716666667,0.268316376615684,1063750,0.820800455,-0.24240735,-0.72750998,-0.39741998,0.830973676346618,-0.11308182279504,-0.377771503803801,1.2647529777939,4.62956166157629,9.88610699458905,-0.228081196059197,0.488773812704168,3.80163163453904,7.68393570302378,15,443206.817716334,29547.1211810889,17.1977266666667,1.650078611,-0.0277307,-1.05759998,-0.72750998,-0.39741998,-1.05759998,0.58866703860693,0.830973676346618,0.346360400867241,-0.24240735,-0.0277307,-0.457084,0.820800455,1.650078611,-0.008477701
"66","Low",4,1648,4,-0.100517027354149,-0.246792300142763,-0.0919062744948706,-0.0914218904818194,0.583924825196847,0.610263262810408,-0.125508296352769,-0.134708694651015,4.33338395477871,6.27781466600719,12,135849.164746544,9144.30544888206,18.3565116666667,0.423664529866023,1123750,1.10622236225,0.277875725,0.17770202,1.58624402,1.36696919498443,-0.126811409376985,0.0942898211772744,0.549411954310686,4.53501383712426,10.4851086859395,-0.068377715818353,0.104012675647372,4.98450377668841,7.78983369617752,18,399654.992319508,22203.0551288616,18.4304766666667,3.10053445,0.793162,-1.42844598,-0.15733398,1.11377802,-1.42844598,0.871940432178851,1.36696919498443,0.376911669373268,0.12363205,0.261388,-0.0141239,0.624772777,2.596062066,-1.346516512
"67","Low",5,1661,2,-0.301831670979381,-0.0509531963956787,0.0594909803417111,1.34023845921623,-1.748143767692,2.69146860927477,-0.0182485627262366,0.48442655077902,3.47281400001034,5.79661632982545,6,21836.1904761905,3765.93197278912,18.9482316666667,0.397522993053692,1153750,1.6485484295,0.3280405,0.49639602,1.38201602,0.0339200154850275,0.0344524801278521,0.182334468920081,1.61648084012615,0.976721458671975,5.33463312512183,0.0398354935816497,0.733849871125963,4.31076685232471,6.36515577620661,7,22626.6666666667,4525.33333333333,18.9728866666667,3.444868635,0.47642,-0.38922398,0.49639602,1.38201602,-0.38922398,-0.301831670979381,0.0339200154850275,-0.63758335744379,0.3280405,0.47642,0.179661,1.6485484295,3.444868635,-0.147771776
"68","Low",6,1674,3,-1.19439197127479,-0.205859299938162,-0.298069773928134,-0.359788381103312,-1.64179544622667,-14.6587037021871,-0.235344797016957,-0.286080848751908,3.50349551713192,3.7551188138361,5.33333333333333,63522.6890756303,20755.6906095772,20.0577066666667,0.16684408029585,1210000,-1.74119036533333,-0.00976200000000001,0.34409302,1.45055402,0.278910762966452,0.345387974351487,0.372065130965329,0.665993592808988,9.26529954999126,3.47015096660747,-0.0475513745266935,0.239364027652902,4.72116486340578,7.1089260555582,10,80588.2352941177,40294.1176470588,20.5508066666667,0.420132894,0.599743,-0.86482798,0.36866002,0.68658002,0.0507400200000003,0.0272420454816811,0.278910762966452,-0.22442667200309,-0.483759,-0.377597,-0.589921,-2.855489814,-0.339560168,-5.37141946
"69","Low",7,1698,2,-0.666590970737883,-0.193604077379136,-0.657184217510771,-0.679169798289023,0.0803510089902497,-0.510453568628117,-0.344784201696077,-0.365648184341847,2.73805158373919,4.34730578327198,3.5,27588.2352941176,8046.56862745098,20.7727016666667,0.304917421987895,1246250,-3.0630542065,0.486491,0.14832902,0.16586002,-0.128876411662752,-0.172876321723304,-0.42639935929491,0.155228247602485,5.8931783928402,17.9354081332024,-0.290241059422314,0.127439070035014,3.75726714788661,5.79938248454037,4,27588.2352941176,9196.07843137255,20.7973566666667,-2.423745178,0.723668,0.13079802,0.14832902,0.16586002,0.13079802,-0.666590970737883,-0.128876411662752,-1.20430552981301,0.486491,0.723668,0.249314,-3.0630542065,-2.423745178,-3.702363235
"70","Low",8,1708,3,-1.26554125597526,-0.0175600132293726,-0.0366254197311,-0.372751991823352,1.23012056395598,-13.1486784575783,-0.208156006714765,-0.418112638833928,3.95148061535511,4.1689076109306,7,131985.064935065,19220.5550401979,20.0016866666667,0.218325799122939,1295000,0.901392694,-0.258429666666667,0.351292686666667,0.83404402,-0.42956188613759,0.151788632809593,0.0274552929484301,0.92103160120476,8.08248668786187,14.1114556898213,-0.0882373947319222,-0.126481409293529,4.71229841720373,7.52072323990394,8,141485.064935065,23580.8441558442,20.0955733333333,1.719064611,-0.178762,0.0965780200000002,0.10991702,0.12325602,0.0965780200000002,-1.6835309408941,-1.57091530268276,-1.79614657910544,-0.2874995,-0.178762,-0.396237,0.4925567355,1.279126263,-0.294012792
"71","Low",9,1740,2,-1.60232897824985,-0.478866383518096,-0.355959360838678,-0.759157656362359,-11.2324098430624,-7.76915765036647,-0.362167399957738,-0.193005327973935,1.18918934814686,3.16551762804026,5.5,149929.404761905,24340.6597222222,18.1501583333333,0.192463094266994,1587500,-2.0994270285,-0.26141005,0.21204552,0.49599002,-0.0815988410986946,-0.103344229106031,0.871634394234217,0.792712841764147,-7.88720659536675,12.6721428066101,0.435218986062444,0.368433768897667,1.80365206776316,5.31788727388319,8,260570.476190476,43428.4126984127,19.2909333333333,-0.277317518,0.1208,-0.28683198,0.38476702,0.49599002,0.27354402,-1.99616048554012,-1.50918979223697,-2.48313117884328,-0.5299866,-0.0922972,-0.967676,-3.5020783005,-2.974397837,-4.029758764
"72","Nordic",1,1503,1,-0.614535163756841,-0.765309331790826,-0.136552166269587,-0.225861774770633,1.16281571983611,1.08635815939072,-0.0387280041726779,-0.409494198971532,3.47389112694399,3.93259537978417,10,28733.3333333333,2873.33333333333,1.117415,NA,478750,-2.057649767,-0.58143,0.0453960200000002,0.0453960200000002,-0.614535163756841,-0.765309331790826,-0.136552166269587,-0.225861774770633,1.16281571983611,1.08635815939072,-0.0387280041726779,-0.409494198971532,3.47389112694399,3.93259537978417,10,28733.3333333333,2873.33333333333,1.117415,-2.057649767,-0.58143,0.0453960200000002,0.0453960200000002,0.0453960200000002,0.0453960200000002,-0.614535163756841,-0.614535163756841,-0.614535163756841,-0.58143,-0.58143,-0.58143,-2.057649767,-2.057649767,-2.057649767
"73","Nordic",2,1520,4,0.0175518782898011,-0.10284587575593,-0.271270443156485,-0.0217053123149199,1.70074446959368,3.35202724069868,-0.198074713013014,-0.0425380454287366,3.03327789654447,5.37444374234144,10.5,26125,2183.6655011655,1.3913075,NA,501875,-0.28645093325,0.071655825,-0.10645648,0.53343402,1.21114123702809,0.30962857206587,-0.242879911125504,0.800440336798403,2.6965006092892,5.07217430573574,-0.112399601167214,0.122619861402236,4.14479723574522,6.42252800283018,13,70733.3333333333,5441.02564102564,1.413515,0.632770955,0.427161,-0.57182598,0.14085202,0.53343402,-0.25172998,0.729240902342956,1.21114123702809,0.24734056765782,0.357635,0.427161,0.288109,-0.6319380485,0.596623356,-1.860499453
"74","Nordic",3,1556,2,-0.511425506555483,-0.453308734825641,-0.0994420334991316,-0.182358470900329,1.45230001168037,3.49326304888365,-0.0875680792978785,-0.376512431377256,2.93800787922372,5.31164796629377,10.75,18328.3712121212,1627.77226745266,2.02052,NA,555000,-1.483362578,0.116809025,-0.16943048,0.45812002,0.0301827319163941,-0.163491631490548,0.0370109978337028,0.0960977351502019,3.53944919941457,5.27092389277009,0.00658680368947855,-0.0126089026888272,3.36613853241428,6.65313560633526,16,30638.6363636364,1914.91477272727,2.13896,2.026692122,0.411505,-0.77881598,0.0954030200000001,0.45812002,-0.26731398,-0.349797720830669,0.0301827319163941,-0.729778173577732,0.09330505,0.274097,-0.0874869,-0.680586079,2.026692122,-3.38786428
"75","Nordic",4,1590,8,0.010915560301651,0.041567059801737,-0.197280140249923,-0.143896769435205,2.81294332657859,2.31624611846486,-0.262126354612873,-0.173021109978812,3.63846287711236,5.25100671355982,13.125,18312.3049100023,1424.59037796737,2.4572675,NA,591875,-1.863353635875,-0.6085822,0.38022002,1.47202802,0.474320173692552,0.167364762307858,0.0252083572439182,0.632718256812098,5.96246527195696,6.51046105377712,-0.0803008771033201,0.522708556501061,5.59082190502073,7.08630318588268,18,21541.7691957166,1784.79975190502,2.509085,0.510947759,-0.0855376,-0.59450998,0.0518180200000002,0.69814602,-0.59450998,-0.0405788035628089,-0.00444839553071184,-0.0767092115949059,-0.9417645,-0.461499,-1.42203,-1.998589275,-1.74139193,-2.25578662
"76","Nordic",5,1601,3,0.26922907932527,0.146174779041623,-0.379233764794311,-0.0681014443652675,1.31475157847098,5.38620112281653,-0.329157834623717,-0.141124128297906,2.45415953503447,5.570366478227,9,23666.7691957166,2644.65654877936,2.570725,NA,604000,-2.108429031,-0.213679,-0.0243139799999998,0.0342100200000002,0.572655156536056,0.680213493930635,-0.161461796079069,0.146446671431461,1.50064472082864,9.57756121641081,-0.000174581431387949,0.159319651538603,2.90904201711935,8.06233045286305,10,24466.7691957166,2852.09614946457,2.5793375,0.555353664,0.377236,-0.0786199799999998,0.00283902000000016,0.0342100200000002,-0.0285319799999998,0.339856273488721,0.572655156536056,0.107057390441385,-0.0762835,0.377236,-0.529803,-1.9359438645,0.555353664,-4.427241393
"77","Nordic",6,1621,4,-0.736192426611512,-0.49391357705437,0.0292529269275786,-0.566907546378028,3.61967597209206,0.827883863628593,-0.0770837826885132,-0.489540750261609,3.91327727272757,5.01669029820128,10,301296.460573477,30283.3506322182,2.74728125,NA,645000,-0.41575401175,0.01497425,0.0433805200000003,1.15598802,-0.267101643956125,-0.194490836781187,0.301576182194321,0.144820062005068,5.82076082896584,2.57657573671032,0.116347848830263,-0.186121199532332,5.96695358160577,9.05592217753076,12,329886.341525858,32513.6341525858,2.7602,1.759881647,0.540501,-0.52049198,0.50415202,1.15598802,-0.14768398,-0.649712597426811,-0.267101643956125,-1.0323235508975,0.24261355,0.540501,-0.0552739,-0.7362014875,-0.128057397,-1.344345578
"78","Nordic",7,1628,3,-0.747976647328551,-0.118014355238623,0.239732895596318,0.388405416395983,0.891620537052952,4.96272928484824,-0.149736913286189,0.222580811087389,3.47384939901212,5.74782543112339,14.3333333333333,388929.039938556,26957.9209236424,2.8032625,NA,658000,-0.661957821,0.151211466666667,0.167599353333334,0.54896602,-0.29359901611627,-0.0133849866225376,0.593236460754246,0.605762428663119,1.93309002447603,6.75645610922887,-0.00944088368931693,0.306109800481935,4.93765340508456,6.1703211186982,16,446412.373271889,31725.883805135,2.811875,0.239566336,0.452509,-0.41346598,0.0677500200000002,0.54896602,-0.41346598,-0.975165462934692,-0.806636541173448,-1.14369438469593,0.223227835,0.452509,-0.00605333,-1.103443681,0.239566336,-2.446453698
"79","Nordic",8,1633,2,-0.254978026544751,-0.0677702786346003,-0.178004065187671,0.513507112122813,1.09112856557811,3.41574944785836,-0.340986794844889,-0.0662193934936343,3.78032547249266,2.76112245034845,12.5,279055.230414747,22360.1947447714,2.84201875,NA,667000,1.1276244555,0.65898,0.10084702,0.80837002,0.0748275918781373,0.169809812917195,0.133848229589523,0.690835278051891,2.25073126960416,4.65150526028843,-0.238457680258211,-0.0108420939000556,5.14782002898041,2.78989755984471,13,279055.230414747,23254.6025345622,2.846325,2.695390504,0.814298,-0.60667598,0.10084702,0.80837002,-0.60667598,-0.254978026544751,0.0748275918781373,-0.584783644967639,0.65898,0.814298,0.503662,1.1276244555,2.695390504,-0.440141593
"80","Nordic",9,1641,3,-0.227588585733813,0.0656269081541144,-0.317365464913533,0.142114492359971,1.96914247391539,3.41927643524488,-0.352499577837865,0.0588217485378353,3.71464596344085,5.77281679349881,11.3333333333333,160422.496159754,13623.5599812587,2.95398125,NA,693000,-1.5894653775,0.5475028,-0.241857313333333,1.58624402,0.855498636361144,0.956565140318503,0.618576828678192,0.471434400591506,3.34153103873735,7.74631488466959,-0.0658982660605478,0.329006155860833,4.67811025255341,7.78983369617752,14,296779.992319508,26979.9993017735,3.00135,3.10053445,1.09674,-1.18136998,-0.41814098,-0.14306798,-0.69321398,0.531721755560593,0.855498636361144,0.207944874760042,0.982852,1.07201,0.893694,-4.059625683,-2.908091565,-5.211159801
"81","Nordic",10,1674,4,-0.378985713799281,-0.0508999831978826,-0.144750859964271,-0.0275675325012061,1.91375337252337,2.5524658747454,-0.279856459888598,-0.288131820214559,3.58401884608341,3.43925972966267,7.75,46407.1428571429,6198.17176870748,3.20374375,NA,751000,-2.5089500395,-0.0282885,-0.0413399799999998,0.68658002,-0.048139178024171,0.345387974351487,0.224290516701324,0.861124463231486,3.56875662078923,6.87990341900812,-0.107257059463937,0.160667275828932,4.72116486340578,5.21350559837752,10,50657.1428571429,7709.52380952381,3.2166625,-0.339560168,0.538229,-0.86482798,0.36866002,0.68658002,0.0507400200000003,-0.450642679650293,-0.210245488147179,-0.691039871153406,-0.483759,-0.377597,-0.589921,-2.855489814,-0.339560168,-5.37141946
"82","Nordic",11,1695,6,-0.593045925460154,-0.15491159916322,-0.267996788199366,-0.316481393497911,0.261348629466224,2.92750075153029,-0.406435186530806,-0.319406374766438,2.64434697040386,4.73605878521149,3.66666666666667,60750.8021390374,16759.595959596,3.39321875,NA,795000,-1.3119586055,0.278939933333333,0.248469353333334,1.87707802,0.0134835358805511,0.0560607863626185,0.22101472203481,1.07955954213138,2.49293589253822,8.27119348419934,-0.210781639630621,0.318346377710458,4.30546819727689,7.33321933342856,4,91188.2352941177,28529.4117647059,3.41475,1.906401767,0.723668,-0.39325798,0.75103702,1.87707802,-0.37500398,0.00189332310179678,0.0134835358805511,-0.00969688967695752,0.19863,0.227544,0.169716,-0.0675832559999999,1.906401767,-2.041568279
"83","Nordic",12,1708,2,-0.583980040379795,-0.0504596004311092,-0.533853859134456,-0.964744425992021,4.36233009323988,-0.453556582730886,-0.268115312706186,-0.563928253604128,4.64764735759197,5.29526472638368,6.5,134360.064935065,20878.6410018553,3.6791425,NA,842500,0.4925567355,-0.2874995,0.10991702,0.12325602,-0.159214793572374,0.151788632809593,-0.236549124409685,-0.885643657626214,5.97755653504631,2.27703634513425,-0.15639409082106,-0.259851267340535,4.71229841720373,7.52072323990394,7,141485.064935065,23580.8441558442,3.694695,1.279126263,-0.178762,0.0965780200000002,0.10991702,0.12325602,0.0965780200000002,-0.583980040379795,-0.159214793572374,-1.00874528718722,-0.2874995,-0.178762,-0.396237,0.4925567355,1.279126263,-0.294012792
"84","Nordic",13,1716,4,-0.377947091202222,-0.343212070721784,-0.351099920719005,0.186764674429734,3.15624365893113,4.25083680816086,-0.129463529039682,0.070945401776354,1.7280063987541,4.71701077950913,9.5,56845.928030303,5983.88393882002,3.9590875,NA,887500,-0.4561486955,-0.71132,-0.00801047999999978,0.61044802,-0.0294905842255635,0.152011097173021,-0.15820923502202,0.446585892598694,5.27351892366784,6.45942731982311,0.0130538462387286,0.305289903747686,3.07891913522212,7.481301721966,11,64284.4696969697,6827.90404040404,4.005745,1.961015518,-0.306846,-0.73381598,-0.51172598,-0.28963598,-0.73381598,-0.226845309841758,-0.0294905842255635,-0.424200035457952,-1.07932,-1.04314,-1.1155,-2.0084454105,-0.867230737,-3.149660084
"85","Nordic",14,1728,3,0.826558757685901,0.171022012701624,-0.268600508607877,-0.147203169240309,2.8318647836277,1.93256453408128,-0.134876140213891,-0.26512149457133,2.57666726832338,2.84700914525771,1,0,0,4.316795,NA,945000,-0.826511451666667,-0.911164333333333,-0.33307798,0.11832002,1.09619131843808,0.371926382462319,0.263057619559715,0.316235310882897,3.77817264097706,4.89324427296319,-0.06362609372866,-0.0652666678224824,4.24616871353207,3.31761570127061,2,0,0,4.3479,1.856624179,-0.430913,-0.71429398,-0.55877698,-0.40325998,-0.71429398,0.973448724761714,1.09619131843808,0.850706131085349,-0.8245015,-0.430913,-1.21809,0.641326865,1.856624179,-0.573970449
"86","Nordic",15,1739,5,-0.628264770881242,-0.29799047621454,-0.82779655787527,0.566313201928739,2.00682049828269,3.62431717097879,-0.648876762344488,-0.0214583719121147,2.1495727257776,5.41281770487514,3.4,46037.3333333333,14676.5,4.690055,NA,1005000,-2.4086438128,-0.43883004,0.0253596200000003,0.49599002,-0.179376390691633,-0.052335399107051,-0.167321328496256,1.32476781861787,4.03185613204242,8.02984274486913,-0.34371859810078,0.562433313059151,4.05995956593365,7.25708010578016,4,50000,25000,4.752265,-0.40373382,-0.0922972,-0.64154398,0.26113102,0.27354402,0.24871802,-0.728438375977582,-0.179376390691633,-1.27750036126353,-0.6771785,-0.386681,-0.967676,-1.6890658285,-0.40373382,-2.974397837
"87","Nordic",16,1756,2,-0.580501761318418,-0.342488892032692,0.507641673044342,0.279922257810973,3.1445574755472,3.23408070467006,0.124386504361394,0.103061718708035,3.66863494209897,3.63926617682261,2,123500,61750,5.0315225,NA,1082500,1.78716744,0.19131225,-0.19694498,0.0450940200000002,-0.0437403066056141,-0.0500038710047033,1.05767635299357,1.13636947922292,3.69082241484969,8.20103762609542,0.401237879623664,0.228493082847383,4.31071159436917,3.68153588611628,2,123500,61750,5.036255,2.802681042,0.288787,-0.43898398,-0.19694498,0.0450940200000002,-0.43898398,-0.580501761318418,-0.0437403066056141,-1.11726321603122,0.19131225,0.288787,0.0938375,1.78716744,2.802681042,0.771653838
"88","Nordic",17,1763,3,-0.559319419561743,-0.173945303360396,-0.187838783605889,-0.00903963129147899,0.54906327494686,2.39786198612206,-0.275962332790436,0.0715432266948389,2.24690186380941,3.49904567964318,2.66666666666667,23766.6666666667,7834.72222222222,5.14037,NA,1140000,1.0431033015,-0.314235483333333,-0.0118666466666665,1.29294202,0.560491209286645,0.0651017646175102,0.573230008324622,0.987071050641973,3.55033728372157,8.67507199088699,-0.0227426675798042,0.517229732269466,4.20756877271569,6.4847241305494,4,123500,41166.6666666667,5.187695,4.421142142,0.515787,-1.18176798,-0.38563798,0.41049202,-1.18176798,-0.639102138583251,-0.214840242235048,-1.06336403493145,-0.38254295,0.0512801,-0.816366,0.696351129,2.210584133,-0.817881875
"89","Nordic",18,1785,1,-0.339448705861413,-0.32707480071965,-0.537434476109209,-0.012857511606516,-0.278430640950417,-1.62972138256869,-0.508516921757179,-0.415767303637019,-1.12575637150495,1.59186059666309,3,1000,333.333333333333,5.301275,NA,1225000,1.026042557,-0.903391,-0.46977398,-0.46977398,-0.339448705861413,-0.32707480071965,-0.537434476109209,-0.012857511606516,-0.278430640950417,-1.62972138256869,-0.508516921757179,-0.415767303637019,-1.12575637150495,1.59186059666309,3,1000,333.333333333333,5.301275,1.026042557,-0.903391,-0.46977398,-0.46977398,-0.46977398,-0.46977398,-0.339448705861413,-0.339448705861413,-0.339448705861413,-0.903391,-0.903391,-0.903391,1.026042557,1.026042557,1.026042557
"90","Nordic",19,1786,2,-0.229599014415182,-0.226352202693057,-0.495417683921936,-0.410075752492756,3.87219280506005,-0.146116590281993,-0.40513436489276,-0.326605189184864,3.78893115242522,2.71641007125836,1.5,15958.3333333333,7979.16666666667,5.3154725,NA,1232500,0.2845164615,-0.6124696,0.22785802,0.51428802,-0.148088289674487,-0.0334861214531657,-0.437945208898373,-0.223709891354382,5.2361041151229,2.86795112343194,-0.374882302660357,0.00590437040141723,5.26310558102263,4.011232396724,2,31916.6666666667,15958.3333333333,5.320205,0.461622336,-0.0605792,-0.0585719799999998,0.22785802,0.51428802,-0.0585719799999998,-0.229599014415182,-0.148088289674487,-0.311109739155877,-0.6124696,-0.0605792,-1.16436,0.2845164615,0.461622336,0.107410587
"91","Russia",1,1512,1,-1.09561630641752,-0.297319537767575,-0.136267959259484,-1.36889308301106,8.61402613618318,4.40167128438075,-0.0153664850792117,-0.407490426764334,3.97134509994425,5.74245916894737,8,9775,1221.875,NA,NA,NA,0.715458876,0.181379,-0.60891798,-0.60891798,-1.09561630641752,-0.297319537767575,-0.136267959259484,-1.36889308301106,8.61402613618318,4.40167128438075,-0.0153664850792117,-0.407490426764334,3.97134509994425,5.74245916894737,8,9775,1221.875,-Inf,0.715458876,0.181379,-0.60891798,-0.60891798,-0.60891798,-0.60891798,-1.09561630641752,-1.09561630641752,-1.09561630641752,0.181379,0.181379,0.181379,0.715458876,0.715458876,0.715458876
"92","Russia",2,1515,2,-0.288163203996071,-0.34513526949918,-0.0284075164344547,0.635064953969945,4.39458528970789,6.68891501261057,-0.179861882319649,0.153277528883417,2.02443192724019,6.37815975907656,7,7775,1144.27083333333,NA,NA,NA,-0.073577989,0.2893405,-0.24958798,0.0658040200000002,0.32534835716544,-0.129119986909638,0.526481956410961,0.930174293376371,7.07315795645141,6.93182636269265,-0.0287312128036145,0.423423889169648,3.84837574731131,6.80096100189233,8,8275,1379.16666666667,-Inf,0.080545355,0.395779,-0.56497998,-0.24958798,0.0658040200000002,-0.56497998,-0.288163203996071,0.32534835716544,-0.901674765157581,0.2893405,0.395779,0.182902,-0.073577989,0.080545355,-0.227701333
"93","Russia",3,1525,1,0.228162640174229,-0.0530874352735564,-0.542130465805839,-0.573209171965587,7.56358134255001,5.21730265083288,-0.218845053620596,-0.293090525605787,3.65773096602959,4.93614530238072,7,50785,9399.81481481481,NA,NA,NA,-2.3149330455,0.01539955,-0.00197297999999985,0.26336802,0.28533830579201,0.0573167609434349,-0.314165341431231,-0.23541057906669,7.6186127666063,7.5609051297806,-0.217814930589642,-0.0654579804634596,3.94932339964489,5.41285133553505,9,84533.3333333333,16906.6666666667,-Inf,-1.242001811,0.118286,-0.26731398,-0.00197297999999985,0.26336802,-0.26731398,0.228162640174229,0.28533830579201,0.170986974556449,0.01539955,0.118286,-0.0874869,-2.3149330455,-1.242001811,-3.38786428
"94","Russia",4,1560,2,0.127974722383522,-0.270040406211161,-0.296877304143412,-0.799709821397249,5.46223303251457,3.85695159817623,-0.0744570523554184,-0.311217973547516,2.17236291967388,5.63902341839416,9,9444.73304473304,1049.41478274812,NA,NA,NA,-0.2284325165,-0.123378,-0.59632198,-0.37803998,0.159624441547724,-0.166326613774539,-0.135543629193356,-0.339313699410187,7.68018773904628,6.00954468016246,0.025095782894946,-0.273070661659779,3.8439050301352,7.5679028038914,9,10072.0057720058,1119.11175244509,-Inf,0.640080799,0.138198,-0.81460398,-0.59632198,-0.37803998,-0.81460398,0.127974722383522,0.159624441547724,0.0963250032193202,-0.123378,0.138198,-0.384954,-0.2284325165,0.640080799,-1.096945832
"95","Russia",5,1568,5,-0.698446260003071,-0.330555012323779,-0.246214120010873,-0.101719220390861,4.2423806325362,5.20976459127602,-0.0891901232267279,-0.28494568667251,2.5170129546927,6.6734143230893,13.6,18315.6060606061,1337.70819395251,NA,NA,NA,-1.2213137454,-0.0926688,-0.0980139799999998,0.39434602,0.469372179196572,0.0953285523669825,0.0610027911371361,0.493062238355944,8.33311139146448,7.33629261013106,0.00658680368947855,0.126209492707054,3.23179065319745,9.62430684412542,16,30638.6363636364,1914.91477272727,-Inf,0.144179403,0.411505,-0.77881598,-0.0079439799999998,0.10283402,-0.11872198,-0.110046839921813,0.469372179196572,-0.689465859040198,-0.1509155,0.113872,-0.415703,-0.839234988,0.064385045,-1.742855021
"96","Russia",6,1589,1,-0.462543270783488,0.16040064105267,-0.17740239155556,-0.313998694989972,9.86483447833065,4.09622389965525,-0.183188779731871,-0.209079805777174,4.71078346344802,4.11074110409916,9.5,14663.1977671451,1554.72643097643,NA,NA,NA,-3.1248903795,-0.5282185,-0.21056998,0.69814602,-0.386755557360774,0.363102972539214,-0.151898704990205,-0.0147801913862625,10.9242640691489,4.6065654266604,-0.160151663045638,-0.0589753273438621,5.59082190502073,4.31969547846584,10,15913.1977671451,1768.13308523835,-Inf,-2.25578662,-0.461499,-1.11928598,-0.21056998,0.69814602,-1.11928598,-0.462543270783488,-0.386755557360774,-0.538330984206203,-0.5282185,-0.461499,-0.594938,-3.1248903795,-2.25578662,-3.993994139
"97","Russia",7,1601,5,-0.524288263855427,0.254295474285504,-0.512565454674101,-0.21683748571658,6.3833560703766,3.23650619483545,-0.308631357743542,-0.120984535131493,3.00067815726293,5.5073820299743,9.4,23623.4358623832,2544.5421795996,NA,NA,NA,-2.0260090438,-0.0698854,-0.0268983799999998,0.17548802,0.127802296120926,0.680213493930635,0.0615501345080218,0.18492255527315,10.68841562875,5.73862924905759,-0.000174581431387949,0.163563816696961,4.06330545771576,8.06233045286305,11,25016.7691957166,2852.09614946457,-Inf,0.555353664,0.434387,-0.23703798,0.00283902000000016,0.0342100200000002,-0.0285319799999998,-0.910942649589209,-0.753712550189317,-1.0681727489891,-0.0762835,0.377236,-0.529803,-1.9359438645,0.555353664,-4.427241393
"98","Russia",8,1608,1,-1.19580734485185,-0.386870858379724,-0.241515177916676,-0.519798852142771,7.8955025208197,4.4595226684767,-0.0669097297179507,-0.382013515517376,3.7854692151757,6.04420984263441,9.33333333333333,192819.71229189,20344.6100361871,NA,NA,NA,1.382738651,0.184053966666667,0.22551202,0.59457602,-0.951735429706914,0.0612913862227424,-0.0871192070190769,0.866251902980059,9.57695068623176,7.86157093679907,0.203593018502024,-0.0679548601366264,5.07600531310114,7.56456286273253,10,291546.658986175,30481.8157250953,-Inf,2.697063455,0.744721,-0.31428998,0.14014302,0.59457602,-0.31428998,-1.14523272817402,-0.951735429706914,-1.33873002664112,-0.09627955,0.0159669,-0.208526,0.725576249,1.759881647,-0.308729149
"99","Russia",9,1650,3,-0.297220142285546,-0.358733887707519,-0.213626912857367,0.256088944661904,7.42493853427465,4.51222246821274,-0.109235480058121,0.161298144034083,4.00663868951762,5.33141027731776,10.6666666666667,25965,2366.99074074074,NA,NA,NA,0.0396208866666666,0.0741909333333334,0.18883602,1.58624402,-0.133433193394017,-0.277860502037551,-0.129167806494172,1.22986920811421,8.89416925183681,9.41340245895234,-0.0658982660605478,0.30426006004276,4.67811025255341,7.78983369617752,12,41311.6666666667,3442.63888888889,-Inf,3.10053445,0.793162,-0.56076798,0.51273802,1.58624402,-0.56076798,-0.18044008073885,-0.133433193394017,-0.227446968083682,0.4321194,0.793162,0.0710768,1.5876719475,3.10053445,0.074809445
"100","Russia",10,1674,1,0.550394976437897,0.065747692399121,-0.272648502731539,-1.36198779356071,6.98395561050185,4.78428973076936,-0.150641384979671,-0.535034082114098,3.49965372245003,3.38725584076517,7,48457.1428571429,7020.83333333333,NA,NA,NA,-0.784612751,0.080316,0.32436402,0.68658002,0.700423403414292,0.178199296764604,-0.166753343883437,-1.1190159977597,7.22746849424699,4.87132513734068,-0.107257059463937,-0.480860447054376,4.15475447993308,4.44966836631135,8,50657.1428571429,7709.52380952381,-Inf,-0.339560168,0.538229,-0.0378519799999998,0.32436402,0.68658002,-0.0378519799999998,0.550394976437897,0.700423403414292,0.400366549461502,0.080316,0.538229,-0.377597,-0.784612751,-0.339560168,-1.229665334
"101","Russia",11,1695,3,-0.538273480541667,-0.127057637285663,-0.394597283669736,-0.283433459197228,6.01559779475096,2.997795097573,-0.512753692054021,-0.353230839611629,2.02817015255596,4.65002774121198,3.66666666666667,89321.568627451,24707.8431372549,NA,NA,NA,-0.0462913016666666,0.1234372,0.369605353333333,1.87707802,-0.422778266423511,0.0560607863626185,-0.292022969789079,0.8341355377801,6.98111261882959,7.28368209789245,-0.319768695589351,0.318346377710458,2.63940820366513,7.33321933342856,4,91188.2352941177,28529.4117647059,-Inf,1.906401767,0.227544,-0.39325798,0.75103702,1.87707802,-0.37500398,-0.596021087600746,-0.569288859212061,-0.62275331598943,0.19863,0.227544,0.169716,-0.0675832559999999,1.906401767,-2.041568279
"102","Russia",12,1721,4,0.489421903066993,0.640072863918936,-0.491457218113604,0.941419353262521,5.69144906038347,5.26401730594723,-0.207160409567455,0.282518448646345,2.3449839134855,4.85906394626053,2,10090.9090909091,3530.30303030303,NA,NA,NA,-0.86374385975,0.033220325,0.52871802,1.11588602,0.932310163010093,0.794978743927697,-0.0187349410836777,1.36674857135238,8.61563743929061,8.23438368332236,-0.0507319906302606,0.484921535675515,4.7752434528455,7.94009176645588,3,36363.6363636364,12121.2121212121,-Inf,1.71847572,0.452965,0.11464202,0.44217202,0.65667002,0.22767402,0.898737928116241,0.932310163010093,0.86516569322239,-0.187417,0.367052,-0.741886,-0.1082964085,1.456654061,-1.673246878
"103","Russia",13,1732,5,0.404257385422905,0.691924514160074,-0.466851850982422,0.0245564654199389,5.67208660155683,1.35001783382032,-0.0709908271444172,0.135919119568344,2.44699261849172,3.95019997295551,2.6,27000,10666.6666666667,NA,NA,NA,-1.8061759096,-0.43175,-0.0325851799999998,0.42061402,0.892954745625526,1.04372714124089,-0.146772023007973,0.323660337678486,9.30142589282729,2.55018670773123,0.0580185209995301,0.667695077028967,3.830951017598,6.43311152167238,4,50000,25000,-Inf,0.034932014,-0.063905,-1.29706798,-0.43822698,0.42061402,-1.29706798,0.161535891808516,0.186827745505921,0.136244038111111,-0.357243,-0.225486,-0.489,-0.033746762,0.034932014,-0.102425538
"104","Russia",14,1740,1,-0.600698208205471,-0.554660746817091,-1.4519633266441,-2.1361330191236,9.96408922034659,5.76609422239164,-0.85231448156409,-0.838402172815915,1.80365206776316,5.31788727388319,4,44496.6666666667,11124.1666666667,NA,NA,NA,-2.974397837,-0.967676,0.27354402,0.27354402,-0.600698208205471,-0.554660746817091,-1.4519633266441,-2.1361330191236,9.96408922034659,5.76609422239164,-0.85231448156409,-0.838402172815915,1.80365206776316,5.31788727388319,4,44496.6666666667,11124.1666666667,-Inf,-2.974397837,-0.967676,0.27354402,0.27354402,0.27354402,0.27354402,-0.600698208205471,-0.600698208205471,-0.600698208205471,-0.967676,-0.967676,-0.967676,-2.974397837,-2.974397837,-2.974397837
"105","Russia",15,1747,4,-0.709139535746167,-0.0842519519488601,0.0339366161499537,0.0098008185691689,4.45709179720094,1.51943800492328,-0.148551561562246,-0.0426516650170211,2.53935312396177,3.17487094415389,0.75,18348.3333333333,13761.25,NA,NA,NA,-0.400195784,0.2639725,0.17274452,1.37862202,-0.510372141577416,0.181112784096447,0.397012730569066,0.648531937907161,5.7473091469162,3.63329251248142,0.000975125877300047,0.0880120730182295,3.89649059945407,4.89045945017925,2,36696.6666666667,36696.6666666667,-Inf,0.564548772,0.803211,-0.85660998,0.37061502,1.37862202,-0.63739198,-0.878292935765681,-0.865640215994485,-0.890945655536878,-0.0117425,0.743432,-0.766917,0.2014166025,0.564548772,-0.161715567
"106","Russia",16,1781,1,-0.41730255014295,-0.453365090090058,-0.205389416577342,-0.823639981641135,2.77398697961619,2.49378670984981,-0.0708049686969732,-0.0735284814243269,-0.0330553107786271,2.1837024652812,2,6583.33333333333,3291.66666666667,NA,NA,NA,3.619416581,-0.0162506,-1.02959998,-1.02959998,-0.41730255014295,-0.453365090090058,-0.205389416577342,-0.823639981641135,2.77398697961619,2.49378670984981,-0.0708049686969732,-0.0735284814243269,-0.0330553107786271,2.1837024652812,2,6583.33333333333,3291.66666666667,-Inf,3.619416581,-0.0162506,-1.02959998,-1.02959998,-1.02959998,-1.02959998,-0.41730255014295,-0.41730255014295,-0.41730255014295,-0.0162506,-0.0162506,-0.0162506,3.619416581,3.619416581,3.619416581
"107","Spain",1,1506,3,0.811460743424062,0.403479127340212,-0.0654249830464975,-0.09112758457317,4.02237708463861,12.099046263192,-0.16379671584415,-0.0617223560734969,3.6104884848569,6.82907472069182,8,4111.11111111111,562.962962962963,13.05702,-0.149627330595219,6640000,-1.44804151133333,0.125121333333333,-0.0313906466666664,0.31756402,1.32912892679136,0.825755396692057,0.448316639726252,0.107601102597869,7.15944987282743,15.7806803827861,-0.0516894740727267,0.240178827526336,4.27060614445058,7.73787770174856,9,5733.33333333333,955.555555555556,13.10688,-0.330155781,0.476179,-0.56861198,-0.20586798,0.15687602,-0.56861198,0.649267678846775,1.32912892679136,-0.0305935690978103,-0.0504075,0.229714,-0.330529,-0.931451816,-0.330155781,-1.532747851
"108","Spain",2,1521,2,0.418672373828516,-0.0476925463032441,-0.0564071084069165,0.0357707202590427,4.11961701667644,8.48193208131398,-0.186001559118111,-0.0582610603914653,2.87511720246742,5.30838357457803,11.5,43183.3333333333,3502.17948717949,13.77999,-0.00765416420077819,6930000,0.6146971555,-0.0390895,-0.41177798,-0.25172998,0.960341919915592,0.30962857206587,0.111465762738094,0.106773837368807,6.41444393509018,12.0437771872253,-0.112399601167214,0.122619861402236,3.06912770818672,6.23332982140372,13,70733.3333333333,5441.02564102564,13.80492,0.632770955,0.288109,-0.57182598,-0.41177798,-0.25172998,-0.57182598,0.418672373828516,0.960341919915592,-0.12299717225856,-0.0390895,0.288109,-0.366288,0.6146971555,0.632770955,0.596623356
"109","Spain",3,1528,3,0.520526177485018,0.188250742131192,-0.183174536971659,0.102629122932615,-0.14503876878244,7.76755557577984,-0.207457252045316,0.0906686935524401,3.23606744662325,5.01605021888068,7.66666666666667,14052.2222222222,1864.83024691358,14.15394,0.00255870623312808,7080000,2.05621901433333,-0.357271,0.142256686666667,0.52533202,1.03899350471908,0.429896344789523,-0.10245761700455,0.727301803246857,3.18041110992913,13.6441414118578,-0.125231071547825,0.463550344131074,4.74500892100615,7.21627941225651,9,16296.6666666667,2205,14.2038,2.739610504,-0.117546,-0.0637099799999998,-0.0492809799999998,-0.0348519799999998,-0.0637099799999998,0.457422944463128,1.03899350471908,-0.124147615792823,-0.3000105,-0.117546,-0.482475,1.915674586,2.739610504,1.091738668
"110","Spain",4,1557,1,-0.442035534402166,-0.163491631490548,-0.856700558458477,-0.331599000627421,11.8461086184443,13.2277273403975,-0.217814930589642,-0.520723070748114,3.36613853241428,4.45943926922639,9,17036.6666666667,1892.96296296296,15.55002,0.0574801679919333,7640000,-3.38786428,-0.0874869,-0.26731398,-0.26731398,-0.442035534402166,-0.163491631490548,-0.856700558458477,-0.331599000627421,11.8461086184443,13.2277273403975,-0.217814930589642,-0.520723070748114,3.36613853241428,4.45943926922639,9,17036.6666666667,1892.96296296296,15.55002,-3.38786428,-0.0874869,-0.26731398,-0.26731398,-0.26731398,-0.26731398,-0.442035534402166,-0.442035534402166,-0.442035534402166,-0.0874869,-0.0874869,-0.0874869,-3.38786428,-3.38786428,-3.38786428
"111","Spain",5,1591,5,0.848322373962878,0.00774048735821461,-0.313266524087111,-0.326505084818572,4.71115071074003,15.058905180168,-0.292994435375302,-0.277121567893793,3.89526092562882,4.8386596415272,12.8,17470.340624288,1383.84042447388,17.34498,0.236343683924683,8360000,-2.421301395,-0.41008572,0.55055202,1.47202802,1.95648382882912,0.167364762307858,-0.0861453857292627,-0.0920197016601929,12.8699252141607,18.1110577010039,-0.160151663045638,0.146640844528494,5.59082190502073,7.08630318588268,18,20341.7691957166,1653.48076630971,17.4447,-1.294762317,-0.0855376,-0.0599939799999997,0.37054002,0.69814602,0.0429340200000002,1.30732026701214,1.37872001239541,1.23592052162886,-0.571803,-0.461499,-0.682107,-3.3619741235,-2.25578662,-4.468161627
"112","Spain",6,1599,2,0.107593272170228,-0.390591408718034,-0.187477399549148,-0.261166365423284,4.31846946139148,12.8851738687709,-0.105733617506511,-0.767888663966617,2.50226053678731,3.63697411054651,9.5,20454.2691957166,2154.82563732564,17.66907,0.38970395464518,8490000,-1.951836591,-0.455177,-0.63944198,-0.0785179799999998,0.379920267333855,-0.238958774172286,-0.00185543400547744,-0.11800124082353,10.7517981331727,14.3334647683424,0.0546800970264389,-0.692615779499542,2.50516547372399,4.21997153227163,10,21216.7691957166,2187.97435507962,17.694,-1.39565391,0.263666,-1.20036598,-0.63944198,-0.0785179799999998,-1.20036598,0.107593272170228,0.379920267333855,-0.164733722993399,-0.455177,0.263666,-1.17402,-1.951836591,-1.39565391,-2.508019272
"113","Spain",7,1605,3,0.0643177948054464,0.395296987870609,-0.253452882527977,0.12833829098648,2.89943494309398,13.0355837598222,-0.333745167723585,0.247752184891413,3.51530009834821,6.05677388221373,10.3333333333333,19998.9120528594,1967.32602857005,17.38386,0.532321571882343,8470000,-1.212082053,-0.0587516666666666,0.300710686666667,0.91490802,0.357757797868198,0.612989522138442,-0.00777220607248186,0.421320683597768,5.45248056902428,24.1807870642755,-0.330295454122563,0.40121417535139,4.06330545771576,6.3534366900255,11,22162.6025290499,2462.51139211666,17.43555,-0.30902285,0.434387,-0.23703798,-0.00638797999999981,0.22426202,-0.23703798,0.0782290350704301,0.357757797868198,-0.201299727727337,0.059165,0.434387,-0.316057,-1.6636116545,-1.354703763,-1.972519546
"114","Spain",8,1615,2,-0.331749833951003,-0.316451309764244,0.181126256371956,-0.293776998382722,1.33142380097055,13.4297327414687,-0.0658497529803062,-0.149141583926387,2.11627797607261,5.7683825744343,10.25,141141.900921659,11945.7178831473,16.50513,0.443973402664475,8385000,0.838577365,-0.0578978175,0.26484502,0.57737202,0.0393300369174986,-0.0915979429363071,0.487169960945692,0.0733809281603282,6.82507219461447,15.5796260410094,0.189341801246148,0.239986609084673,2.82347340908863,7.16454989478229,13,276212.373271889,25032.2936740679,16.91865,3.297633212,0.12341,-0.0499319799999997,0.26372002,0.57737202,-0.0499319799999997,-0.123470481426896,0.0393300369174986,-0.286270999771291,-0.18109,-0.145294,-0.216886,1.7080293175,3.297633212,0.118425423
"115","Spain",9,1647,6,0.339681347996497,-0.242931494400662,-0.360255402098429,-0.148994315269968,5.02207556980756,13.5075175331145,-0.124876290609923,-0.0236773335426085,4.04391770161789,5.5706427172825,12.1666666666667,146581.386328725,10449.2074514991,15.135345,0.354172097843443,8252500,0.0217472903333333,0.25282615,0.133668353333333,1.58624402,1.07991689198758,0.0168066338968097,-0.119261590563858,0.355549037485938,9.41993521128848,15.4063475425839,-0.0658982660605478,0.30426006004276,4.98450377668841,7.78983369617752,18,399654.992319508,22675.3840245776,15.26457,3.10053445,1.04712,-1.42844598,-0.43913798,0.55017002,-1.42844598,-0.591452061383233,-0.118669787640185,-1.06423433512628,0.654254,1.04712,0.261388,0.679068797,2.596062066,-1.237924472
"116","Spain",10,1659,4,-0.000523051919694236,-0.399542739465988,0.143646062634486,-0.287347791946335,6.24157734985494,11.2171831301706,-0.0913475138879771,0.156228788472188,3.12224249034506,5.22526155036863,7.5,22481.5773809524,3167.79733560091,14.566755,0.0827757100423389,8197500,2.2117331095,0.11878225,0.20839152,1.38201602,0.144878052530788,0.0344524801278521,0.256588604472134,0.235954026887275,7.46543787734451,12.9729273601706,0.0398354935816497,0.733849871125963,4.31076685232471,6.36515577620661,9,25208.2142857143,4525.33333333333,14.64429,3.489502562,0.47642,-0.38922398,-0.0796129799999998,0.0457660200000002,-0.20499198,0.0713967643868343,0.144878052530788,-0.00208452375711968,-0.090476,0.151235,-0.332187,2.7749177895,3.489502562,2.060333017
"117","Spain",11,1678,8,-0.790424467963739,-0.116477546932931,-0.103027562318494,-0.363543708447761,3.45857187549028,11.8212690274883,0.0139559037387225,-0.194037774323684,2.0571318618364,3.85576859813399,4.75,16902.731092437,3302.63626283847,13.481265,0.0483850336531097,8092500,-0.560568341,0.112008,-0.0980194799999998,1.28920002,0.709455159245547,0.481237494694334,0.237925903730902,0.26831889065557,9.10559707298165,24.5268246820723,0.233628806084762,0.543466540953193,3.78829577584073,6.02523991815691,8,47423.8095238095,6563.72549019608,13.66218,1.811059466,1.13688,-1.95211998,-0.71123298,-0.50193998,-0.92052598,-0.686202371373279,-0.433112117043285,-0.939292625703273,-0.0163715,0.208068,-0.240811,-1.340555059,-0.259387127,-2.421722991
"118","Spain",12,1694,6,0.364101459727629,-0.145205837172287,-0.314570211810208,-0.230854120434862,5.60436474834664,16.8593374833737,-0.242826103407093,-0.341130194174169,2.79943244893094,4.34849091211526,5.33333333333333,99869.9834479246,20176.4273638748,12.7730475,-0.116165910944453,8157500,-0.62431602125,0.149256716666667,0.170226686666667,1.87707802,1.74573996237106,0.151788632809593,0.231887890832385,0.563281802008815,10.9952754017549,29.7886942150424,0.166023485361106,0.318346377710458,4.71229841720373,7.52072323990394,9,141485.064935065,40294.1176470588,12.93288,1.906401767,0.723668,-0.39325798,0.91681002,1.87707802,-0.0434579799999998,-0.166346391942098,0.233565880227467,-0.566258664111663,0.4136435,0.599743,0.227544,-1.8582105335,-1.674852788,-2.041568279
"119","Spain",13,1730,1,0.382730023290274,0.0709696261477979,0.0801182717123327,-0.129001217085701,2.49145763848431,6.3940509521139,-0.06362609372866,-0.0652666678224824,4.24616871353207,3.30192431985987,2,0,0,13.6374,-0.297334215054853,9050000,-3.762188085,-1.08449,0.11832002,0.11832002,0.382730023290274,0.0709696261477979,0.0801182717123327,-0.129001217085701,2.49145763848431,6.3940509521139,-0.06362609372866,-0.0652666678224824,4.24616871353207,3.30192431985987,2,0,0,13.6374,-3.762188085,-1.08449,0.11832002,0.11832002,0.11832002,0.11832002,0.382730023290274,0.382730023290274,0.382730023290274,-1.08449,-1.08449,-1.08449,-3.762188085,-3.762188085,-3.762188085
"120","Spain",14,1741,2,0.0112392170886494,-0.291760131120754,-0.176396878607409,0.0433720822170483,3.51980658525554,9.80631639991827,-0.475255097028097,0.112849682881524,1.63948091872561,3.88197454361942,2.25,33089.1666666667,15152.9166666667,14.1936,-0.289606050395373,9575000,-1.9026996595,-0.16015105,0.00585302000000024,0.80635802,1.64188605262782,0.00688825538302299,0.109786349353074,0.358652389670114,7.91576565818185,15.3390594588007,-0.149325310033318,0.276988008668545,2.88797663688131,7.03094427450943,4,47830,36696.6666666667,14.34192,0.564548772,0.803211,-0.64154398,-0.0727769799999997,0.49599002,-0.64154398,-0.863564597889046,-0.694308524305156,-1.03282067147294,-0.3384491,-0.0922972,-0.584601,-3.2709021375,-2.512045511,-4.029758764
"121","Spain",15,1762,4,1.63018450608507,-0.233250589726356,-0.27515989350412,-0.141206105122673,5.20259779208613,13.4613928378872,-0.127954299784698,0.13304407776909,0.999436253044682,3.03807427168358,2.25,62000,20666.6666666667,16.15722,-0.00532135233896036,10222500,0.539850468,-0.295261725,-0.0287329799999998,0.41677402,1.95867566500712,-0.0457045269330892,0.07202013743165,0.314770148900397,12.930715859901,22.28059699541,0.168130248210453,0.517229732269466,4.09464583593463,5.09218502418015,3,124500,41500,16.3548,2.210584133,0.0512801,-1.18176798,-0.47109898,0.23957002,-1.18176798,1.64218998514059,1.83431314452782,1.45006682575336,-0.5380515,-0.259737,-0.816366,1.172114307,2.210584133,0.133644481
"122","Spain",16,1780,3,-0.887198835814296,-0.412062685292938,-0.0555928444544477,-0.282579151237632,5.14283954734763,0.908053913833251,-0.268205263582424,-0.527870485956598,2.89358751943989,0.135855945981431,2,6583.33333333333,3291.66666666667,18.46232,0.00496010059015413,10835000,2.727086769,-0.606140533333333,-0.696376646666666,-0.0809719799999998,-0.459894761997466,-0.308557045116357,0.109763228464049,-0.200406169120298,11.0405005856922,6.58521020932995,-0.0708049686969732,-0.0735284814243269,5.21610604028245,2.1837024652812,2,6583.33333333333,3291.66666666667,18.59404,6.61136999,-0.0162506,-1.02959998,-0.55528598,-0.0809719799999998,-1.02959998,-0.721069021489153,-0.459894761997466,-0.98224328098084,-0.4170688,-0.0162506,-0.817887,0.7849451585,3.619416581,-2.049526264
"123","Spain",17,1786,2,0.0228721286121678,-0.250253879267013,-0.235093599327989,-0.166801068116258,5.82635765837369,8.13189259597514,-0.241299579026637,-0.436825145620952,3.30252182196426,1.96391501097766,3.25,149814.619047619,33028.1448412698,19.9771,0.313416403658255,11237500,1.11327159675,-0.344083325,0.0195065200000002,0.51428802,0.808200697483462,-0.0334861214531657,0.123696878571513,0.10992318631775,8.72545426846686,18.6425431380011,0.377239069080071,0.00590437040141723,5.26310558102263,4.011232396724,6,308174.476190476,64791.8333333333,20.83328,4.774533794,-0.0583454,-0.48724198,0.22785802,0.51428802,-0.0585719799999998,-0.25709970881163,0.161661716672147,-0.675861134295407,-0.6124696,-0.0605792,-1.16436,0.2845164615,0.461622336,0.107410587
