Year,Herring_Flemish,Herring_Dutch,Herring_English,Herring_Scottish,Herring_Irish,Herring_French,Herring_GermanorthSee,Herring_NorwegianBohuslen,Herring_DanishSound,Herring_DanishKattegat_,Herring_DanishLimfjord,Herring_NorwegianWestCoast,Cod_FrenchNFL,Cod_EnglishNFL,Cod_SpanishBasqueNFL,Cod_PortugueseNFL,Cod_Icelandic,Cod_DutchIcelandic,Cod_FrenchNEAtlantic,Cod_EnglishNEAtlantic,Cod_Scottish,Cod_Shetland,Cod_Faroese,Cod_Dutch_NorthSea,Cod_Norwegian
1520.00,33306.00,30754.00,3000.00,2843.00,2044.00,8285.00,1125.00,0.00,55260.00,1500.00,100.00,770.00,4243.00,235.00,397.00,260.00,11300.00,0.00,123.00,20383.00,10542.00,1739.00,494.00,4851.00,19050.00
1521.00,11649.00,10942.00,3001.00,2867.00,2126.00,8152.00,400.00,0.00,56617.00,1504.00,100.00,770.00,4647.00,158.00,400.00,260.00,11300.00,0.00,123.00,20383.00,10600.00,1739.00,497.00,4878.00,19323.00
1522.00,8423.00,8051.00,3001.00,2845.00,2208.00,8313.00,295.00,0.00,57973.00,1508.00,100.00,770.00,4701.00,118.00,387.00,260.00,11300.00,0.00,123.00,20383.00,10638.00,1739.00,495.00,4854.00,19595.00
1523.00,15240.00,14824.00,3002.00,2879.00,2290.00,8257.00,542.00,0.00,59329.00,1512.00,100.00,770.00,7183.00,163.00,647.00,390.00,11300.00,0.00,123.00,20383.00,10788.00,1739.00,523.00,5134.00,19868.00
1524.00,16754.00,16587.00,3003.00,2893.00,2372.00,8327.00,607.00,0.00,57688.00,1516.00,100.00,770.00,5667.00,115.00,528.00,260.00,11300.00,0.00,123.00,20383.00,10844.00,1739.00,526.00,5155.00,20140.00
1525.00,12677.00,12777.00,3003.00,2931.00,2455.00,9857.00,467.00,0.00,56048.00,1519.00,100.00,770.00,5407.00,101.00,519.00,260.00,11300.00,0.00,123.00,20383.00,10986.00,1739.00,552.00,5415.00,20413.00
1526.00,22721.00,23317.00,3004.00,3515.00,2410.00,8136.00,853.00,0.00,54407.00,1523.00,100.00,770.00,8094.00,155.00,878.00,520.00,11300.00,0.00,123.00,20383.00,10919.00,1739.00,520.00,5103.00,20686.00
1527.00,16794.00,17551.00,3083.00,3479.00,2366.00,8292.00,642.00,0.00,52766.00,1527.00,100.00,770.00,8250.00,147.00,899.00,520.00,11300.00,0.00,123.00,20383.00,10896.00,1739.00,501.00,4912.00,20958.00
1528.00,21858.00,23267.00,3162.00,3509.00,2321.00,7382.00,851.00,0.00,51126.00,1531.00,100.00,770.00,6682.00,109.00,716.00,390.00,11300.00,0.00,123.00,20383.00,10965.00,1739.00,507.00,4969.00,21231.00
1529.00,30643.00,33230.00,3241.00,3151.00,2276.00,8452.00,1216.00,0.00,49485.00,1535.00,100.00,770.00,9341.00,148.00,1028.00,650.00,11300.00,0.00,123.00,18632.00,10985.00,1739.00,499.00,4894.00,21503.00
1530.00,23688.00,26175.00,3320.00,3239.00,2232.00,7945.00,957.00,0.00,47844.00,1539.00,100.00,770.00,17948.00,268.00,1970.00,1170.00,11300.00,0.00,123.00,16881.00,10981.00,1739.00,485.00,4754.00,21776.00
1531.00,20810.00,23435.00,3399.00,3129.00,2187.00,9053.00,857.00,0.00,46203.00,1543.00,100.00,770.00,18576.00,223.00,1713.00,1040.00,11300.00,0.00,123.00,15130.00,11061.00,1739.00,494.00,4844.00,22049.00
1532.00,21378.00,24540.00,3478.00,3443.00,2143.00,7610.00,898.00,0.00,44563.00,1547.00,100.00,770.00,19469.00,225.00,1805.00,1040.00,11300.00,0.00,123.00,13379.00,11130.00,1739.00,500.00,4904.00,22321.00
1533.00,17217.00,20152.00,3557.00,3186.00,2098.00,9297.00,737.00,0.00,42922.00,1550.00,100.00,770.00,19568.00,219.00,1819.00,1040.00,11300.00,0.00,123.00,11628.00,11152.00,1739.00,493.00,4833.00,22594.00
1534.00,19173.00,22885.00,3636.00,3600.00,2054.00,8014.00,837.00,0.00,41281.00,1554.00,100.00,770.00,20690.00,226.00,1943.00,1170.00,11300.00,0.00,123.00,11309.00,11276.00,1739.00,514.00,5044.00,22867.00
1535.00,26058.00,31728.00,3715.00,3507.00,2009.00,9445.00,1161.00,0.00,39641.00,1558.00,100.00,770.00,19883.00,212.00,1881.00,1040.00,11300.00,0.00,123.00,10990.00,11394.00,1739.00,534.00,5235.00,23139.00
1536.00,16037.00,19922.00,3794.00,4025.00,1965.00,9294.00,729.00,0.00,38000.00,1562.00,100.00,770.00,20227.00,211.00,1924.00,1040.00,11300.00,0.00,123.00,10670.00,11426.00,1739.00,529.00,5193.00,23412.00
1537.00,13135.00,16652.00,3873.00,4545.00,1920.00,7860.00,609.00,0.00,37283.00,1566.00,100.00,770.00,25650.00,262.00,2450.00,1430.00,11300.00,0.00,123.00,10351.00,11458.00,1739.00,525.00,5151.00,23684.00
1538.00,14335.00,18553.00,3951.00,4340.00,1876.00,8184.00,679.00,0.00,36565.00,1570.00,100.00,770.00,22719.00,228.00,2177.00,1300.00,11300.00,0.00,123.00,10032.00,11551.00,1739.00,538.00,5275.00,23957.00
1539.00,13430.00,17749.00,4030.00,4314.00,1831.00,9907.00,649.00,0.00,35848.00,1574.00,100.00,770.00,34109.00,336.00,3278.00,1820.00,11300.00,0.00,123.00,9713.00,11697.00,1739.00,565.00,5544.00,24230.00
1540.00,14168.00,19123.00,4109.00,5191.00,1787.00,14761.00,700.00,0.00,35130.00,1578.00,100.00,770.00,37730.00,365.00,3635.00,2080.00,11300.00,0.00,123.00,9394.00,11769.00,1739.00,572.00,5611.00,24502.00
1541.00,8004.00,11038.00,4188.00,9306.00,1742.00,6981.00,404.00,0.00,34413.00,1581.00,100.00,770.00,40980.00,390.00,3959.00,2210.00,11300.00,0.00,123.00,9074.00,11916.00,1739.00,600.00,5884.00,24775.00
1542.00,7725.00,10887.00,4267.00,7888.00,1576.00,5388.00,398.00,0.00,33696.00,1585.00,100.00,770.00,31759.00,292.00,3018.00,1690.00,11300.00,0.00,123.00,8755.00,11845.00,1739.00,567.00,5561.00,25047.00
1543.00,9157.00,13193.00,4346.00,5161.00,1606.00,7324.00,483.00,0.00,32978.00,1589.00,100.00,770.00,30378.00,269.00,2824.00,1560.00,11300.00,0.00,123.00,8436.00,11917.00,1739.00,574.00,5629.00,25320.00
1544.00,15209.00,22408.00,4425.00,4589.00,1635.00,8274.00,820.00,0.00,32261.00,1593.00,100.00,770.00,34536.00,333.00,3548.00,2080.00,11300.00,0.00,123.00,8117.00,11868.00,1739.00,547.00,5366.00,25593.00
1545.00,17144.00,25840.00,4504.00,4609.00,1665.00,7445.00,945.00,0.00,31543.00,1597.00,100.00,770.00,40235.00,461.00,4983.00,2860.00,10450.00,0.00,115.00,7798.00,11926.00,1739.00,550.00,5395.00,25865.00
1546.00,14146.00,21818.00,4583.00,4165.00,1667.00,8815.00,798.00,0.00,30826.00,1601.00,100.00,770.00,46035.00,551.00,6030.00,3380.00,9300.00,0.00,104.00,7478.00,12037.00,1739.00,568.00,5568.00,26138.00
1547.00,17401.00,27474.00,4662.00,4455.00,1669.00,8410.00,1005.00,0.00,30109.00,1605.00,100.00,770.00,48711.00,508.00,5634.00,3250.00,11150.00,0.00,121.00,7159.00,12024.00,1739.00,551.00,5404.00,26410.00
1548.00,22841.00,36933.00,4741.00,4546.00,1671.00,8268.00,1351.00,0.00,29391.00,1609.00,100.00,770.00,51352.00,572.00,6420.00,3640.00,10900.00,0.00,119.00,6840.00,12096.00,1739.00,558.00,5470.00,26683.00
1549.00,14695.00,24343.00,4820.00,4560.00,1673.00,8269.00,890.00,0.00,28674.00,1612.00,100.00,770.00,53964.00,574.00,6512.00,3770.00,10950.00,0.00,119.00,6521.00,12152.00,1739.00,560.00,5494.00,26956.00
1550.00,18185.00,30875.00,4899.00,4574.00,1675.00,9076.00,1129.00,0.00,27957.00,1616.00,100.00,770.00,77878.00,822.00,9438.00,5330.00,11000.00,0.00,119.00,6202.00,12201.00,1739.00,561.00,5499.00,27228.00
1551.00,18054.00,31725.00,4978.00,5036.00,1655.00,11486.00,1160.00,0.00,27239.00,1620.00,100.00,770.00,76327.00,793.00,9196.00,5200.00,11350.00,0.00,123.00,5882.00,12321.00,1739.00,581.00,5697.00,27501.00
1552.00,12149.00,22115.00,5057.00,7015.00,1636.00,8323.00,809.00,0.00,26522.00,1624.00,100.00,770.00,74700.00,795.00,9309.00,5330.00,10800.00,0.00,117.00,6097.00,12323.00,1739.00,568.00,5574.00,27774.00
1553.00,11951.00,22555.00,5136.00,7080.00,1617.00,7113.00,825.00,0.00,25804.00,1628.00,100.00,770.00,73002.00,619.00,7317.00,4160.00,9950.00,0.00,109.00,6312.00,12449.00,1739.00,590.00,5787.00,28046.00
1554.00,15912.00,31168.00,5215.00,6106.00,1598.00,9999.00,1140.00,0.00,25087.00,1632.00,100.00,770.00,73127.00,646.00,7693.00,4420.00,12100.00,0.00,129.00,6527.00,12566.00,1739.00,609.00,5977.00,28319.00
1555.00,15562.00,31669.00,5294.00,7402.00,1579.00,6005.00,1158.00,0.00,24370.00,1636.00,100.00,770.00,76838.00,674.00,8094.00,4680.00,11550.00,0.00,124.00,6742.00,12614.00,1739.00,610.00,5980.00,28591.00
1556.00,16723.00,35396.00,5373.00,5388.00,1559.00,6862.00,1295.00,0.00,23652.00,1640.00,100.00,770.00,69262.00,590.00,7151.00,4030.00,12500.00,0.00,133.00,6957.00,12819.00,1739.00,653.00,6408.00,28864.00
1557.00,14832.00,32694.00,5452.00,4481.00,1540.00,10093.00,1196.00,1.00,22935.00,1643.00,100.00,770.00,66646.00,565.00,6891.00,3900.00,11350.00,0.00,122.00,7172.00,12600.00,1739.00,579.00,5683.00,29137.00
1558.00,6753.00,15522.00,5531.00,5481.00,1521.00,7864.00,568.00,1129.00,22217.00,1647.00,100.00,770.00,65550.00,582.00,7159.00,4030.00,11100.00,0.00,119.00,7387.00,12976.00,1739.00,671.00,6578.00,29409.00
1559.00,12940.00,31055.00,5610.00,5223.00,1502.00,6937.00,1136.00,2257.00,21500.00,1651.00,100.00,770.00,111393.00,996.00,12334.00,7020.00,11450.00,0.00,122.00,7602.00,12777.00,1739.00,602.00,5906.00,29682.00
1560.00,12914.00,32413.00,5689.00,4390.00,1553.00,10600.00,1186.00,3385.00,20783.00,1655.00,100.00,770.00,115674.00,1059.00,13200.00,7540.00,11200.00,0.00,120.00,7817.00,12819.00,1739.00,601.00,5893.00,29954.00
1561.00,18365.00,45963.00,5768.00,5637.00,1605.00,6928.00,1681.00,4513.00,20065.00,1659.00,100.00,770.00,92366.00,931.00,11329.00,6630.00,12150.00,0.00,129.00,8032.00,12773.00,1739.00,575.00,5638.00,30227.00
1562.00,22368.00,55825.00,5846.00,4731.00,1656.00,9758.00,2042.00,5641.00,19348.00,1663.00,100.00,770.00,80194.00,720.00,8538.00,5200.00,11300.00,0.00,121.00,8247.00,12984.00,1739.00,620.00,6082.00,30500.00
1563.00,22866.00,56906.00,5925.00,5591.00,1708.00,9334.00,2082.00,6769.00,18630.00,1667.00,100.00,770.00,78806.00,763.00,8786.00,5590.00,10150.00,0.00,110.00,8462.00,13070.00,1739.00,631.00,6187.00,30772.00
1564.00,14469.00,35908.00,6004.00,6320.00,1654.00,8418.00,1313.00,7897.00,17913.00,1671.00,100.00,770.00,111326.00,1018.00,11335.00,7410.00,10800.00,0.00,116.00,8677.00,13313.00,1739.00,685.00,6721.00,31045.00
1565.00,20089.00,49718.00,6083.00,6442.00,1600.00,6172.00,1819.00,9025.00,17196.00,1674.00,100.00,770.00,126735.00,1075.00,11525.00,7930.00,8150.00,0.00,91.00,8892.00,13317.00,1739.00,673.00,6604.00,31317.00
1566.00,19931.00,49190.00,6168.00,4814.00,1547.00,8367.00,1799.00,10153.00,16478.00,1678.00,100.00,770.00,91049.00,739.00,7580.00,5460.00,8500.00,0.00,94.00,8843.00,13089.00,1739.00,597.00,5854.00,31590.00
1567.00,14452.00,35570.00,6252.00,4876.00,1556.00,7747.00,1301.00,11281.00,15761.00,1682.00,100.00,770.00,89010.00,893.00,8724.00,6630.00,10950.00,0.00,117.00,8794.00,13250.00,1739.00,628.00,6163.00,31863.00
1568.00,16999.00,41723.00,6337.00,4573.00,1565.00,8288.00,1526.00,12409.00,15043.00,1686.00,100.00,770.00,80895.00,777.00,7168.00,5720.00,10400.00,0.00,112.00,8745.00,13321.00,1739.00,635.00,6228.00,32135.00
1569.00,19298.00,47237.00,6421.00,4587.00,1575.00,8887.00,1728.00,13537.00,14326.00,1690.00,100.00,770.00,74337.00,695.00,5993.00,5200.00,9550.00,0.00,104.00,8697.00,13378.00,1739.00,638.00,6254.00,32408.00
1570.00,22564.00,55080.00,6506.00,4933.00,1584.00,8415.00,2015.00,14664.00,13609.00,1694.00,100.00,770.00,74732.00,724.00,5775.00,5460.00,10500.00,0.00,112.00,8648.00,13570.00,1739.00,678.00,6647.00,32680.00
1571.00,17704.00,43100.00,6590.00,5022.00,1593.00,8527.00,1577.00,15792.00,12891.00,1698.00,100.00,770.00,95162.00,972.00,9368.00,7280.00,10250.00,0.00,110.00,8599.00,13570.00,1739.00,664.00,6517.00,33103.00
1572.00,12554.00,30480.00,6675.00,5181.00,1602.00,8284.00,1115.00,16920.00,12174.00,1702.00,100.00,770.00,98559.00,940.00,10557.00,7150.00,9700.00,0.00,105.00,8550.00,13626.00,1739.00,667.00,6543.00,33526.00
1573.00,10109.00,24477.00,6759.00,5192.00,1612.00,8425.00,895.00,18048.00,11457.00,1705.00,100.00,770.00,90279.00,3692.00,10814.00,6500.00,10950.00,0.00,116.00,8501.00,13814.00,1739.00,706.00,6926.00,33948.00
1574.00,11083.00,26765.00,6844.00,5291.00,1621.00,9224.00,979.00,19176.00,10739.00,1709.00,100.00,770.00,79258.00,7050.00,12143.00,6500.00,12200.00,0.00,128.00,8452.00,13997.00,1739.00,744.00,7296.00,34371.00
1575.00,9424.00,22698.00,6928.00,5902.00,1630.00,8699.00,830.00,20304.00,10022.00,1713.00,100.00,770.00,72829.00,7328.00,11689.00,5720.00,11350.00,0.00,120.00,8403.00,13801.00,1739.00,676.00,6631.00,34794.00
1576.00,8499.00,20417.00,7013.00,6209.00,1640.00,9061.00,747.00,21432.00,9304.00,1717.00,100.00,770.00,77944.00,8304.00,12441.00,5590.00,9900.00,0.00,106.00,8355.00,13870.00,1739.00,682.00,6692.00,35216.00
1577.00,13411.00,32131.00,7097.00,6802.00,1649.00,6570.00,1175.00,22560.00,8587.00,1721.00,100.00,770.00,68429.00,9400.00,13190.00,5590.00,9950.00,0.00,106.00,8306.00,13916.00,1739.00,682.00,6687.00,35639.00
1578.00,20736.00,49552.00,7182.00,5403.00,1658.00,9528.00,1813.00,23688.00,7870.00,1725.00,100.00,770.00,73979.00,11750.00,16500.00,6500.00,9700.00,0.00,104.00,8257.00,13998.00,1739.00,691.00,6783.00,36509.00
1579.00,9794.00,23344.00,7266.00,6223.00,1668.00,10123.00,854.00,24816.00,7152.00,1729.00,100.00,770.00,85429.00,13820.00,15972.00,5850.00,10050.00,0.00,107.00,8208.00,14057.00,1739.00,694.00,6813.00,37379.00
1580.00,13919.00,33089.00,7351.00,7613.00,1677.00,5084.00,1210.00,25944.00,6435.00,1733.00,100.00,770.00,91365.00,13997.00,13200.00,6110.00,11300.00,0.00,118.00,8159.00,14208.00,1739.00,723.00,7096.00,38249.00
1581.00,9147.00,33716.00,7435.00,4703.00,1686.00,15144.00,1233.00,28376.00,5717.00,1736.00,100.00,770.00,84343.00,14281.00,15053.00,6240.00,13150.00,0.00,136.00,8110.00,14095.00,1739.00,679.00,6658.00,39119.00
1582.00,12726.00,32083.00,7861.00,8702.00,1695.00,3430.00,1174.00,20705.00,5000.00,1740.00,100.00,770.00,87165.00,15241.00,17436.00,5980.00,12000.00,0.00,125.00,8061.00,14380.00,1739.00,745.00,7306.00,39989.00
1583.00,11175.00,30559.00,8286.00,3666.00,1706.00,8211.00,1118.00,27938.00,5000.00,1744.00,100.00,770.00,92949.00,16796.00,20432.00,5720.00,12650.00,0.00,131.00,8013.00,13937.00,1739.00,609.00,5970.00,40859.00
1584.00,10936.00,35683.00,8712.00,3718.00,1716.00,7892.00,1305.00,19348.00,5000.00,1748.00,100.00,770.00,105811.00,19421.00,24750.00,5070.00,13000.00,0.00,134.00,7964.00,13993.00,1739.00,611.00,5994.00,41728.00
1585.00,20143.00,30872.00,8534.00,3644.00,1607.00,8129.00,1129.00,48130.00,5000.00,1752.00,100.00,770.00,102424.00,19786.00,22736.00,5070.00,13650.00,0.00,140.00,7915.00,14050.00,1739.00,585.00,5736.00,42598.00
1586.00,29349.00,31801.00,8355.00,3699.00,1621.00,7936.00,1163.00,17943.00,5000.00,1901.00,100.00,770.00,100551.00,20430.00,21108.00,5070.00,14000.00,0.00,143.00,7866.00,14106.00,1739.00,558.00,5478.00,43468.00
1587.00,25293.00,32956.00,8177.00,3686.00,1733.00,7891.00,1206.00,12051.00,5000.00,1306.00,100.00,770.00,79261.00,15590.00,14470.00,6760.00,13450.00,0.00,138.00,7817.00,14162.00,1739.00,532.00,5219.00,44338.00
1588.00,19884.00,32861.00,7998.00,3673.00,2224.00,7847.00,1202.00,9941.00,5000.00,2242.00,100.00,770.00,89587.00,17116.00,13719.00,6240.00,13500.00,0.00,138.00,7768.00,14218.00,1739.00,506.00,4961.00,45208.00
1589.00,20680.00,33952.00,7820.00,3660.00,2714.00,18028.00,1242.00,2879.00,5000.00,2506.00,100.00,770.00,85353.00,15042.00,10174.00,7280.00,14150.00,0.00,144.00,7719.00,14274.00,1739.00,422.00,4135.00,46078.00
1590.00,9544.00,34855.00,7642.00,8427.00,3205.00,5730.00,1275.00,278.00,5000.00,2798.00,100.00,770.00,87197.00,16877.00,8589.00,7020.00,13300.00,0.00,136.00,7671.00,14535.00,1739.00,376.00,3686.00,46948.00
1591.00,13919.00,34500.00,7463.00,6202.00,2816.00,7605.00,1262.00,0.00,5000.00,1512.00,100.00,770.00,89757.00,15426.00,5775.00,7670.00,14850.00,0.00,150.00,7622.00,14452.00,1739.00,383.00,3758.00,47818.00
1592.00,19089.00,33987.00,7285.00,6092.00,1635.00,7500.00,1243.00,0.00,5000.00,1133.00,100.00,770.00,88840.00,17569.00,5836.00,6890.00,14000.00,0.00,142.00,7573.00,14592.00,1739.00,427.00,4187.00,48688.00
1593.00,20680.00,36190.00,8036.00,5936.00,1639.00,9056.00,1324.00,0.00,5000.00,1061.00,100.00,770.00,88415.00,20552.00,6069.00,6110.00,13750.00,0.00,140.00,7524.00,14603.00,1739.00,448.00,4398.00,49558.00
1594.00,17498.00,36772.00,8336.00,7025.00,1646.00,6512.00,1345.00,0.00,5000.00,346.00,100.00,770.00,88498.00,23500.00,6211.00,5460.00,13200.00,0.00,134.00,7980.00,14702.00,2147.00,487.00,4775.00,50428.00
1595.00,18294.00,44944.00,8336.00,5897.00,1647.00,8100.00,1644.00,0.00,5000.00,2400.00,100.00,770.00,89382.00,25827.00,6043.00,5070.00,12950.00,0.00,132.00,8436.00,14757.00,2147.00,517.00,5071.00,51298.00
1596.00,19089.00,35367.00,7360.00,6077.00,1652.00,9895.00,1294.00,0.00,5000.00,1848.00,100.00,770.00,91914.00,33182.00,7039.00,3900.00,13900.00,0.00,141.00,8892.00,14956.00,2147.00,580.00,5685.00,52168.00
1597.00,19089.00,37009.00,8487.00,7551.00,0.00,8239.00,1354.00,0.00,5000.00,1296.00,100.00,770.00,75935.00,26749.00,5092.00,4940.00,13650.00,0.00,138.00,9348.00,14993.00,2147.00,607.00,5958.00,53038.00
1598.00,20680.00,37979.00,7360.00,7713.00,0.00,7942.00,0.00,0.00,5000.00,1199.00,100.00,770.00,63012.00,28574.00,4898.00,4680.00,14000.00,0.00,141.00,9804.00,14872.00,2147.00,596.00,5849.00,53908.00
1599.00,19884.00,50693.00,8637.00,7498.00,0.00,4903.00,0.00,0.00,5000.00,1102.00,100.00,770.00,51751.00,26691.00,4136.00,4940.00,13750.00,0.00,139.00,10260.00,14858.00,2147.00,609.00,5973.00,54778.00
1600.00,28633.00,55284.00,7811.00,4443.00,0.00,8288.00,0.00,0.00,5000.00,1004.00,162.00,770.00,63332.00,35686.00,5237.00,3510.00,14400.00,0.00,145.00,10716.00,15493.00,2147.00,664.00,6511.00,55648.00
1601.00,14317.00,57422.00,7811.00,4490.00,0.00,8276.00,0.00,0.00,5000.00,907.00,20.00,770.00,72004.00,38423.00,5100.00,3250.00,15350.00,0.00,154.00,11172.00,16426.00,2141.00,727.00,7131.00,56180.00
1602.00,0.00,79087.00,8487.00,4536.00,0.00,8264.00,0.00,0.00,5000.00,810.00,47.00,770.00,81249.00,41370.00,4965.00,2990.00,13300.00,0.00,134.00,11628.00,14370.00,2544.00,622.00,6098.00,56712.00
1603.00,0.00,71073.00,8937.00,4583.00,1829.00,8252.00,0.00,0.00,5000.00,713.00,75.00,770.00,87374.00,44376.00,4811.00,2860.00,13516.00,0.00,136.00,12084.00,14572.00,2130.00,714.00,7006.00,57245.00
1604.00,0.00,54633.00,9012.00,4629.00,2027.00,8240.00,0.00,0.00,5000.00,616.00,103.00,770.00,86880.00,40474.00,3958.00,2990.00,13732.00,0.00,138.00,12540.00,14774.00,2124.00,807.00,7914.00,57777.00
1605.00,39.00,49332.00,8562.00,4676.00,2224.00,8228.00,0.00,0.00,5000.00,518.00,130.00,770.00,86367.00,40472.00,3564.00,2990.00,13949.00,0.00,140.00,12996.00,14976.00,2118.00,899.00,8822.00,58309.00
1606.00,81.00,51211.00,8186.00,4723.00,2422.00,8216.00,0.00,0.00,5000.00,421.00,367.00,770.00,85836.00,41251.00,3262.00,2860.00,14165.00,0.00,142.00,13452.00,15178.00,2112.00,992.00,9731.00,58842.00
1607.00,154.00,64489.00,8111.00,4769.00,2620.00,8204.00,0.00,0.00,5000.00,324.00,616.00,770.00,88761.00,42862.00,3035.00,2730.00,14381.00,0.00,144.00,13908.00,15380.00,2106.00,1084.00,10639.00,59374.00
1608.00,213.00,66919.00,7510.00,4816.00,2817.00,8192.00,0.00,0.00,5000.00,227.00,877.00,770.00,91689.00,43953.00,2775.00,2600.00,14597.00,0.00,146.00,14364.00,15582.00,2101.00,1177.00,11547.00,59906.00
1609.00,241.00,60367.00,7135.00,4863.00,3015.00,8180.00,0.00,0.00,5000.00,130.00,1272.00,770.00,94351.00,45210.00,2532.00,2470.00,14814.00,0.00,148.00,14820.00,15784.00,2503.00,1270.00,12455.00,60438.00
1610.00,287.00,59752.00,6909.00,4909.00,3213.00,8168.00,0.00,0.00,5000.00,108.00,1667.00,770.00,98628.00,47000.00,2320.00,2340.00,15030.00,0.00,149.00,15276.00,15986.00,2497.00,1362.00,13363.00,60971.00
1611.00,353.00,62867.00,6309.00,4956.00,3410.00,8156.00,0.00,0.00,5000.00,86.00,1742.00,770.00,93774.00,44857.00,1952.00,2340.00,15246.00,0.00,151.00,15732.00,16188.00,2083.00,1455.00,14272.00,61503.00
1612.00,449.00,69782.00,6459.00,5002.00,3608.00,8144.00,0.00,0.00,5000.00,77.00,2169.00,770.00,97455.00,31395.00,1191.00,3250.00,15462.00,0.00,153.00,16188.00,16390.00,2077.00,1547.00,15180.00,62035.00
1613.00,410.00,56524.00,6234.00,5049.00,3806.00,8132.00,0.00,0.00,5000.00,305.00,593.00,770.00,105043.00,33859.00,1104.00,2990.00,15679.00,0.00,155.00,16644.00,16592.00,2071.00,1640.00,16088.00,62567.00
1614.00,466.00,57599.00,6158.00,5096.00,4003.00,8120.00,0.00,0.00,5000.00,305.00,711.00,770.00,146438.00,47000.00,1295.00,2080.00,15895.00,0.00,157.00,17100.00,16794.00,2066.00,1405.00,13780.00,63100.00
1615.00,459.00,51448.00,5107.00,5142.00,4201.00,8109.00,0.00,0.00,5000.00,410.00,830.00,770.00,107223.00,58750.00,820.00,2600.00,16111.00,0.00,159.00,17442.00,16996.00,2060.00,1075.00,10542.00,63632.00
1616.00,496.00,50843.00,5107.00,5189.00,4399.00,8097.00,0.00,0.00,5000.00,346.00,948.00,770.00,149505.00,66483.00,906.00,1820.00,16327.00,0.00,161.00,17784.00,17198.00,2054.00,1103.00,10817.00,64164.00
1617.00,574.00,54187.00,4732.00,5236.00,4428.00,8085.00,0.00,0.00,5000.00,86.00,1416.00,770.00,174507.00,64710.00,813.00,1430.00,16543.00,0.00,163.00,18126.00,17400.00,2048.00,1131.00,11093.00,64696.00
1618.00,474.00,41451.00,3455.00,5282.00,4457.00,8073.00,0.00,0.00,5000.00,65.00,1884.00,770.00,151831.00,47000.00,495.00,1560.00,16760.00,0.00,164.00,18468.00,17602.00,3266.00,1110.00,10886.00,65229.00
1619.00,835.00,67892.00,3680.00,5329.00,4486.00,8471.00,0.00,0.00,5000.00,43.00,1256.00,770.00,153234.00,58750.00,504.00,1560.00,16976.00,0.00,166.00,18810.00,17804.00,2037.00,1148.00,11265.00,65761.00
1620.00,656.00,49930.00,3079.00,5375.00,4516.00,8048.00,0.00,0.00,5000.00,540.00,438.00,770.00,177003.00,70500.00,590.00,1300.00,17192.00,0.00,168.00,19152.00,18006.00,1623.00,1285.00,12609.00,66293.00
1621.00,759.00,54178.00,3455.00,5422.00,4545.00,8036.00,0.00,0.00,5000.00,756.00,409.00,770.00,156881.00,58750.00,524.00,1300.00,17408.00,0.00,170.00,19494.00,18208.00,2025.00,1830.00,17948.00,66826.00
1622.00,499.00,33536.00,3305.00,5469.00,4566.00,8024.00,0.00,0.00,5000.00,1253.00,380.00,770.00,155697.00,58750.00,509.00,1300.00,17625.00,0.00,172.00,19836.00,18410.00,2835.00,2219.00,21772.00,67358.00
1623.00,882.00,56053.00,3455.00,5515.00,4588.00,8012.00,0.00,0.00,5000.00,1490.00,351.00,770.00,154472.00,58750.00,493.00,1300.00,17841.00,0.00,174.00,20178.00,18612.00,2829.00,1531.00,15020.00,67890.00
1624.00,990.00,59579.00,3380.00,5562.00,4609.00,8000.00,0.00,0.00,5000.00,1373.00,322.00,770.00,157384.00,58750.00,505.00,1170.00,18057.00,0.00,176.00,20520.00,18814.00,2823.00,1349.00,13229.00,68422.00
1625.00,987.00,56449.00,3455.00,5608.00,4631.00,7988.00,0.00,0.00,5000.00,1344.00,293.00,770.00,159923.00,58750.00,472.00,1170.00,24549.00,0.00,236.00,20862.00,25269.00,3634.00,1325.00,12996.00,68955.00
1626.00,587.00,31980.00,3004.00,5655.00,4652.00,7976.00,0.00,0.00,5000.00,576.00,264.00,770.00,162445.00,70500.00,494.00,1040.00,22471.00,0.00,217.00,21204.00,23185.00,2812.00,853.00,8371.00,69487.00
1627.00,511.00,26533.00,4694.00,5702.00,4831.00,7964.00,0.00,0.00,5000.00,532.00,235.00,770.00,156197.00,65633.00,525.00,910.00,20394.00,0.00,197.00,21546.00,21102.00,2806.00,755.00,7407.00,70019.00
1628.00,646.00,32054.00,6384.00,5748.00,5010.00,7953.00,0.00,0.00,5000.00,487.00,206.00,770.00,170718.00,70500.00,629.00,650.00,18316.00,0.00,178.00,21888.00,19018.00,2392.00,702.00,6890.00,70551.00
1629.00,841.00,39962.00,9313.00,5795.00,5189.00,7941.00,0.00,0.00,5000.00,443.00,177.00,770.00,170861.00,63450.00,632.00,650.00,16238.00,0.00,158.00,20893.00,16935.00,2386.00,228.00,2239.00,71084.00
1630.00,1021.00,46539.00,7736.00,5842.00,5368.00,7929.00,0.00,0.00,5000.00,398.00,148.00,770.00,170857.00,57630.00,639.00,520.00,14160.00,0.00,139.00,19898.00,14851.00,2176.00,151.00,1481.00,71616.00
1631.00,901.00,39431.00,8487.00,5888.00,5547.00,7917.00,0.00,0.00,5000.00,354.00,119.00,770.00,170325.00,51877.00,644.00,520.00,14568.00,0.00,142.00,18903.00,15247.00,1967.00,446.00,4375.00,72148.00
1632.00,868.00,36530.00,7435.00,5935.00,5726.00,7905.00,0.00,0.00,5000.00,310.00,201.00,770.00,169800.00,47000.00,660.00,390.00,14976.00,0.00,146.00,17908.00,15642.00,1961.00,611.00,5994.00,72680.00
1633.00,826.00,33457.00,7736.00,5981.00,5905.00,7893.00,0.00,0.00,5000.00,265.00,320.00,770.00,166065.00,45276.00,605.00,390.00,15385.00,0.00,150.00,16913.00,16037.00,1955.00,660.00,6477.00,73213.00
1634.00,1093.00,42686.00,6834.00,6028.00,6084.00,7881.00,0.00,0.00,5000.00,221.00,190.00,770.00,160306.00,41555.00,526.00,260.00,15793.00,0.00,154.00,15919.00,16433.00,1949.00,608.00,5960.00,73745.00
1635.00,1001.00,37750.00,6609.00,6075.00,6263.00,7869.00,0.00,0.00,5000.00,257.00,284.00,770.00,154863.00,35250.00,412.00,260.00,16201.00,0.00,157.00,14924.00,16828.00,1535.00,1124.00,11024.00,74277.00
1636.00,1430.00,52082.00,5858.00,6121.00,6442.00,7857.00,0.00,0.00,5000.00,294.00,403.00,770.00,149474.00,45460.00,321.00,260.00,16609.00,0.00,161.00,13929.00,17223.00,1530.00,344.00,3376.00,74809.00
1637.00,1051.00,37034.00,6234.00,6168.00,6621.00,7845.00,0.00,0.00,5000.00,331.00,711.00,770.00,143758.00,54803.00,214.00,130.00,17017.00,0.00,165.00,12934.00,17618.00,1932.00,506.00,4961.00,75342.00
1638.00,1407.00,47973.00,6459.00,6215.00,6800.00,7833.00,0.00,0.00,5000.00,367.00,948.00,770.00,138100.00,58750.00,97.00,130.00,17425.00,0.00,168.00,11939.00,18014.00,1722.00,530.00,5204.00,75874.00
1639.00,1739.00,57447.00,6909.00,6261.00,6979.00,7134.00,0.00,0.00,5000.00,367.00,924.00,770.00,135886.00,55028.00,83.00,130.00,17833.00,0.00,172.00,10944.00,18409.00,1512.00,478.00,4685.00,76406.00
1640.00,1227.00,39305.00,6684.00,6308.00,7158.00,7812.00,0.00,0.00,5000.00,270.00,758.00,770.00,129814.00,51700.00,0.00,0.00,18242.00,0.00,176.00,10388.00,18804.00,3546.00,955.00,9370.00,76939.00
1641.00,1126.00,34970.00,6684.00,6354.00,3528.00,7800.00,0.00,0.00,5000.00,173.00,972.00,770.00,124178.00,54064.00,0.00,0.00,18650.00,0.00,179.00,9831.00,19199.00,1908.00,629.00,6167.00,77471.00
1642.00,1785.00,53839.00,6534.00,6401.00,3506.00,7788.00,0.00,0.00,5000.00,167.00,948.00,770.00,112846.00,50305.00,0.00,0.00,19058.00,0.00,183.00,9275.00,19595.00,1903.00,497.00,4875.00,78003.00
1643.00,1684.00,49350.00,6158.00,6448.00,3485.00,7776.00,0.00,0.00,5000.00,162.00,837.00,770.00,119385.00,62234.00,0.00,0.00,19466.00,0.00,187.00,8719.00,19990.00,2876.00,365.00,3583.00,78535.00
1644.00,2167.00,61755.00,5783.00,6494.00,3463.00,7764.00,0.00,0.00,5000.00,157.00,727.00,770.00,116765.00,63450.00,0.00,0.00,19874.00,0.00,191.00,8162.00,20385.00,3849.00,234.00,2291.00,79068.00
1645.00,2167.00,60092.00,5858.00,6541.00,3441.00,7752.00,0.00,0.00,5000.00,151.00,616.00,770.00,114553.00,56029.00,0.00,0.00,20282.00,0.00,194.00,7606.00,20780.00,4823.00,102.00,999.00,79600.00
1646.00,1798.00,48533.00,5708.00,6588.00,3420.00,7740.00,0.00,0.00,5000.00,146.00,506.00,770.00,115136.00,53013.00,0.00,0.00,20690.00,0.00,198.00,7050.00,21176.00,5796.00,446.00,4375.00,80132.00
1647.00,2230.00,58623.00,5708.00,6634.00,3398.00,7728.00,0.00,0.00,5000.00,140.00,1027.00,770.00,116168.00,47752.00,0.00,0.00,21098.00,0.00,202.00,6493.00,21571.00,6769.00,790.00,7751.00,80664.00
1648.00,2150.00,55085.00,5558.00,6681.00,3376.00,7716.00,0.00,0.00,5000.00,135.00,640.00,770.00,115575.00,39078.00,0.00,0.00,21507.00,0.00,205.00,5937.00,21966.00,6808.00,790.00,7751.00,81197.00
1649.00,1998.00,49910.00,6008.00,6727.00,3355.00,7704.00,0.00,0.00,5000.00,130.00,806.00,770.00,121418.00,36119.00,0.00,0.00,21915.00,0.00,209.00,5381.00,22361.00,6847.00,790.00,7751.00,81729.00
1650.00,2101.00,51175.00,5633.00,6774.00,3333.00,7692.00,0.00,0.00,5000.00,108.00,855.00,770.00,140077.00,33128.00,0.00,0.00,22323.00,0.00,213.00,4824.00,22757.00,6893.00,625.00,6132.00,82261.00
1651.00,2151.00,51133.00,5107.00,6821.00,3311.00,7681.00,0.00,0.00,5000.00,65.00,754.00,770.00,146243.00,30147.00,0.00,0.00,22731.00,0.00,216.00,4268.00,23152.00,6939.00,541.00,5305.00,82292.00
1652.00,871.00,20226.00,3980.00,6867.00,3290.00,7669.00,0.00,0.00,5000.00,83.00,972.00,770.00,151550.00,30688.00,0.00,0.00,23139.00,0.00,220.00,3712.00,23547.00,6992.00,372.00,3652.00,82323.00
1653.00,881.00,19984.00,4131.00,6914.00,3268.00,7657.00,0.00,0.00,5000.00,101.00,948.00,777.00,156797.00,28587.00,0.00,0.00,23547.00,0.00,224.00,3156.00,23942.00,7044.00,384.00,3766.00,82354.00
1654.00,2480.00,54947.00,12167.00,6960.00,3246.00,7645.00,0.00,0.00,5000.00,120.00,631.00,785.00,159144.00,25723.00,0.00,0.00,23955.00,0.00,227.00,2599.00,24338.00,7097.00,396.00,3882.00,82384.00
1655.00,1587.00,34382.00,3305.00,7007.00,3225.00,7633.00,0.00,0.00,5000.00,138.00,313.00,792.00,162727.00,27559.00,0.00,0.00,24364.00,0.00,231.00,3557.00,24733.00,7150.00,408.00,4000.00,80605.00
1656.00,1148.00,24310.00,2478.00,7054.00,3203.00,7621.00,0.00,0.00,5000.00,156.00,287.00,799.00,166281.00,24657.00,0.00,0.00,24330.00,0.00,230.00,4514.00,24631.00,7202.00,412.00,4039.00,78825.00
1657.00,1301.00,26952.00,2779.00,7100.00,3181.00,7609.00,0.00,0.00,5000.00,175.00,260.00,807.00,169806.00,25772.00,0.00,0.00,24297.00,0.00,229.00,8208.00,24529.00,7255.00,416.00,4078.00,77046.00
1658.00,1447.00,29337.00,3079.00,7147.00,3159.00,7597.00,0.00,0.00,5000.00,193.00,234.00,814.00,171734.00,23479.00,0.00,0.00,24264.00,0.00,228.00,9850.00,24426.00,7308.00,420.00,4116.00,75266.00
1659.00,1491.00,29590.00,3380.00,7194.00,3138.00,7585.00,0.00,0.00,5000.00,211.00,208.00,821.00,177621.00,23000.00,0.00,0.00,24231.00,0.00,227.00,10534.00,24324.00,7360.00,424.00,4155.00,73487.00
1660.00,1587.00,30857.00,4148.00,7240.00,3544.00,7965.00,0.00,0.00,5000.00,230.00,181.00,829.00,183276.00,23500.00,0.00,0.00,24198.00,0.00,226.00,9956.00,24222.00,7413.00,427.00,4193.00,71707.00
1661.00,1848.00,35192.00,3189.00,7287.00,3949.00,7560.00,0.00,0.00,5000.00,447.00,155.00,836.00,185940.00,24855.00,0.00,0.00,24164.00,1.00,225.00,9378.00,24120.00,7466.00,431.00,4232.00,69928.00
1662.00,1781.00,33222.00,3376.00,7333.00,4355.00,7549.00,0.00,0.00,5000.00,766.00,128.00,843.00,193445.00,32234.00,0.00,0.00,24131.00,20.00,224.00,8801.00,24018.00,7519.00,435.00,4270.00,68148.00
1663.00,1897.00,34698.00,3563.00,7380.00,4761.00,7537.00,0.00,0.00,5000.00,626.00,102.00,851.00,191011.00,32173.00,0.00,0.00,24098.00,39.00,224.00,8223.00,23916.00,7571.00,439.00,4308.00,66369.00
1664.00,1746.00,31299.00,3019.00,7427.00,5167.00,7525.00,0.00,72.00,5000.00,592.00,76.00,858.00,191933.00,32646.00,0.00,0.00,24065.00,59.00,223.00,7646.00,23814.00,7624.00,443.00,4346.00,64589.00
1665.00,899.00,12205.00,2761.00,7473.00,5573.00,7513.00,0.00,72.00,5000.00,558.00,49.00,865.00,214846.00,43486.00,0.00,0.00,24032.00,78.00,222.00,7068.00,23711.00,7677.00,447.00,4384.00,62810.00
1666.00,639.00,8054.00,2526.00,7520.00,5418.00,7501.00,0.00,72.00,5000.00,523.00,274.00,873.00,192617.00,39483.00,0.00,0.00,23998.00,97.00,221.00,6490.00,23609.00,7729.00,451.00,4422.00,62901.00
1667.00,687.00,11619.00,3877.00,7567.00,5264.00,7489.00,0.00,72.00,5000.00,255.00,499.00,880.00,186741.00,33105.00,0.00,0.00,23965.00,116.00,220.00,5913.00,23507.00,7782.00,455.00,4459.00,62993.00
1668.00,1914.00,31789.00,4538.00,7613.00,5110.00,7477.00,0.00,72.00,5000.00,275.00,823.00,868.00,175485.00,40444.00,0.00,0.00,23932.00,136.00,219.00,5335.00,23405.00,7835.00,458.00,4497.00,63084.00
1669.00,1574.00,25657.00,5106.00,7660.00,4956.00,7465.00,0.00,72.00,5000.00,294.00,1147.00,855.00,170046.00,38982.00,0.00,0.00,23899.00,155.00,218.00,5120.00,23303.00,7887.00,462.00,4534.00,61744.00
1670.00,1072.00,17156.00,4723.00,7706.00,5040.00,10646.00,0.00,72.00,5000.00,294.00,1472.00,843.00,164788.00,39375.00,0.00,0.00,23866.00,174.00,217.00,4905.00,23201.00,7940.00,466.00,4572.00,61835.00
1671.00,1601.00,25165.00,5988.00,7753.00,5125.00,7542.00,0.00,72.00,5000.00,319.00,1541.00,830.00,160649.00,51652.00,0.00,0.00,23832.00,193.00,216.00,4690.00,23099.00,7993.00,470.00,4609.00,61927.00
1672.00,777.00,12003.00,5847.00,7843.00,5209.00,7584.00,0.00,72.00,5000.00,587.00,1869.00,888.00,155766.00,51306.00,0.00,0.00,23799.00,212.00,215.00,4475.00,22996.00,8045.00,474.00,4646.00,62018.00
1673.00,569.00,8637.00,5182.00,7933.00,5372.00,7625.00,0.00,72.00,5000.00,319.00,3448.00,947.00,145547.00,45794.00,0.00,0.00,23766.00,232.00,214.00,4260.00,22894.00,8098.00,477.00,4683.00,60766.00
1674.00,1389.00,20703.00,6151.00,8023.00,5534.00,7667.00,0.00,72.00,5000.00,409.00,1329.00,1005.00,142242.00,36172.00,0.00,0.00,23733.00,251.00,213.00,4045.00,22792.00,8151.00,481.00,4720.00,59515.00
1675.00,1666.00,24413.00,7662.00,8113.00,5696.00,7708.00,0.00,72.00,5000.00,434.00,2843.00,1063.00,137267.00,54166.00,0.00,0.00,23700.00,270.00,212.00,3830.00,22690.00,8204.00,485.00,4757.00,58263.00
1676.00,1177.00,16958.00,7620.00,8203.00,5858.00,7750.00,0.00,72.00,5000.00,472.00,3393.00,1122.00,122508.00,68649.00,0.00,0.00,23666.00,289.00,211.00,3475.00,22588.00,8256.00,489.00,4793.00,58354.00
1677.00,1628.00,23057.00,7801.00,8293.00,6021.00,7791.00,0.00,0.00,5000.00,481.00,3310.00,1180.00,124031.00,65197.00,0.00,0.00,23633.00,309.00,210.00,3119.00,22486.00,8309.00,492.00,4830.00,58446.00
1678.00,1512.00,21054.00,7094.00,8383.00,6183.00,7832.00,0.00,0.00,5000.00,489.00,2275.00,1167.00,130683.00,69689.00,0.00,0.00,23600.00,328.00,209.00,2763.00,22384.00,8362.00,496.00,4866.00,58537.00
1679.00,2105.00,28838.00,6395.00,8473.00,6345.00,7874.00,0.00,0.00,5000.00,498.00,3781.00,1153.00,141085.00,71315.00,0.00,0.00,23567.00,347.00,208.00,2408.00,22281.00,8414.00,500.00,4903.00,50361.00
1680.00,2258.00,30433.00,6726.00,8563.00,6507.00,7915.00,0.00,0.00,5000.00,383.00,3451.00,1140.00,154225.00,71075.00,0.00,0.00,23534.00,366.00,207.00,2052.00,22179.00,8467.00,503.00,4939.00,50452.00
1681.00,2415.00,32025.00,6400.00,8654.00,6669.00,7957.00,0.00,0.00,5000.00,421.00,3245.00,1110.00,158559.00,65939.00,0.00,0.00,23323.00,386.00,206.00,1970.00,22077.00,8520.00,507.00,4975.00,50544.00
1682.00,1847.00,24106.00,6077.00,8744.00,6832.00,7998.00,0.00,0.00,5000.00,402.00,2963.00,1080.00,159372.00,53520.00,0.00,0.00,23112.00,405.00,205.00,1887.00,21975.00,8572.00,511.00,5011.00,50635.00
1683.00,2161.00,27758.00,5830.00,8834.00,6994.00,8039.00,0.00,0.00,5000.00,409.00,3644.00,1050.00,164839.00,46981.00,0.00,0.00,22902.00,350.00,204.00,1805.00,21873.00,8625.00,514.00,5047.00,46006.00
1684.00,2110.00,26671.00,4511.00,8924.00,7156.00,8081.00,0.00,0.00,5000.00,415.00,3466.00,1020.00,115800.00,38880.00,0.00,0.00,22692.00,1300.00,203.00,1723.00,21771.00,8678.00,518.00,5082.00,46097.00
1685.00,3170.00,39456.00,3135.00,9014.00,7318.00,8122.00,0.00,0.00,5000.00,504.00,4581.00,990.00,131837.00,39800.00,0.00,0.00,22481.00,1000.00,203.00,1640.00,21669.00,8731.00,522.00,5118.00,46188.00
1686.00,3324.00,40743.00,3473.00,9104.00,7481.00,8164.00,0.00,0.00,5000.00,275.00,2947.00,1013.00,158164.00,39287.00,0.00,0.00,22270.00,700.00,202.00,1558.00,21566.00,8783.00,525.00,5153.00,46280.00
1687.00,1828.00,22060.00,3456.00,9194.00,7643.00,8205.00,0.00,0.00,5000.00,298.00,5196.00,1037.00,145491.00,38782.00,0.00,0.00,22060.00,450.00,201.00,1475.00,21464.00,8836.00,529.00,5188.00,49448.00
1688.00,1796.00,21356.00,3228.00,9284.00,7789.00,8247.00,0.00,0.00,5000.00,321.00,4573.00,1060.00,143757.00,37740.00,0.00,0.00,21849.00,250.00,200.00,1393.00,21362.00,8889.00,532.00,5224.00,49540.00
1689.00,1348.00,15781.00,3562.00,9374.00,7936.00,8288.00,0.00,0.00,5000.00,345.00,3854.00,1136.00,107257.00,36159.00,0.00,0.00,21639.00,350.00,199.00,1311.00,21260.00,8941.00,536.00,5259.00,49631.00
1690.00,1863.00,21497.00,2850.00,9464.00,8082.00,9910.00,0.00,0.00,5000.00,300.00,2805.00,1212.00,105111.00,34039.00,0.00,0.00,21429.00,450.00,198.00,1228.00,21158.00,8994.00,540.00,5293.00,49723.00
1691.00,1299.00,14769.00,1522.00,9554.00,8229.00,8368.00,0.00,0.00,5000.00,345.00,2640.00,1288.00,104130.00,31380.00,0.00,0.00,21217.00,578.00,197.00,1146.00,21056.00,9047.00,543.00,5328.00,56775.00
1692.00,1688.00,18911.00,1033.00,9720.00,8376.00,8410.00,0.00,0.00,5000.00,336.00,5115.00,1364.00,108837.00,28283.00,0.00,0.00,21007.00,597.00,196.00,1064.00,20954.00,9099.00,547.00,5363.00,56867.00
1693.00,1492.00,16469.00,1096.00,9886.00,8522.00,8451.00,0.00,0.00,5000.00,326.00,3300.00,1440.00,116931.00,0.00,0.00,0.00,20797.00,616.00,195.00,981.00,20851.00,9152.00,550.00,5397.00,56958.00
1694.00,1889.00,20556.00,1296.00,10053.00,8669.00,8493.00,0.00,0.00,5000.00,403.00,4851.00,1456.00,120777.00,0.00,0.00,0.00,20586.00,635.00,194.00,899.00,20749.00,9205.00,554.00,5432.00,57050.00
1695.00,1790.00,19199.00,1086.00,10219.00,8815.00,8534.00,0.00,0.00,5000.00,499.00,4290.00,1472.00,126186.00,0.00,0.00,0.00,20376.00,655.00,193.00,817.00,20647.00,9257.00,557.00,5466.00,57141.00
1696.00,1517.00,16040.00,946.00,10385.00,8962.00,8576.00,0.00,0.00,5000.00,522.00,5754.00,1488.00,143582.00,0.00,0.00,0.00,20165.00,674.00,192.00,734.00,20545.00,9310.00,561.00,5500.00,55452.00
1697.00,1448.00,15092.00,1210.00,10551.00,9108.00,8617.00,0.00,0.00,5000.00,641.00,6132.00,1504.00,133893.00,0.00,0.00,0.00,19955.00,693.00,172.00,652.00,20443.00,9363.00,564.00,5534.00,53763.00
1698.00,3221.00,33112.00,1607.00,10717.00,8735.00,8658.00,0.00,0.00,5000.00,852.00,5173.00,1520.00,191833.00,74856.00,0.00,0.00,19744.00,712.00,152.00,569.00,20341.00,9416.00,568.00,5567.00,52074.00
1699.00,4044.00,41006.00,2133.00,10884.00,5314.00,8700.00,0.00,0.00,5000.00,791.00,4354.00,1535.00,186990.00,75234.00,0.00,0.00,19534.00,732.00,132.00,487.00,20239.00,9468.00,571.00,5601.00,50385.00
1700.00,4135.00,41348.00,663.00,11050.00,4049.00,10010.00,0.00,0.00,5000.00,776.00,4564.00,1550.00,176444.00,77153.00,0.00,0.00,19324.00,751.00,112.00,405.00,20136.00,9521.00,574.00,5634.00,48695.00
1701.00,1983.00,19827.00,1255.00,11216.00,4324.00,8599.00,0.00,0.00,5000.00,753.00,4774.00,1565.00,157868.00,79839.00,0.00,0.00,19112.00,770.00,192.00,322.00,20034.00,9574.00,578.00,5668.00,47075.00
1702.00,1274.00,12739.00,658.00,11687.00,4223.00,8549.00,0.00,0.00,5000.00,653.00,4984.00,1580.00,144826.00,45849.00,0.00,0.00,18902.00,789.00,120.00,240.00,19932.00,9626.00,581.00,5701.00,45455.00
1703.00,650.00,6496.00,589.00,12158.00,4240.00,8499.00,0.00,0.00,5000.00,465.00,5194.00,1584.00,95109.00,29657.00,0.00,0.00,18692.00,808.00,48.00,239.00,19830.00,9679.00,584.00,5734.00,45892.00
1704.00,720.00,7198.00,196.00,12629.00,4105.00,8449.00,0.00,0.00,5000.00,468.00,5404.00,1589.00,94217.00,33743.00,0.00,0.00,17862.00,828.00,53.00,238.00,19728.00,9732.00,588.00,5766.00,46329.00
1705.00,630.00,6296.00,454.00,13100.00,4942.00,8400.00,0.00,0.00,5000.00,603.00,5614.00,1593.00,87596.00,38966.00,0.00,0.00,17087.00,847.00,59.00,236.00,19626.00,9784.00,591.00,5799.00,46766.00
1706.00,767.00,7671.00,259.00,13571.00,4579.00,8350.00,0.00,0.00,5000.00,603.00,5824.00,1597.00,88643.00,45273.00,0.00,0.00,16363.00,866.00,64.00,235.00,19524.00,9837.00,594.00,5831.00,47203.00
1707.00,954.00,9536.00,579.00,14042.00,5307.00,8300.00,0.00,0.00,5000.00,603.00,5856.00,1601.00,97261.00,54102.00,0.00,0.00,15687.00,885.00,69.00,234.00,19421.00,9890.00,598.00,5864.00,47640.00
1708.00,1156.00,11555.00,577.00,14513.00,6665.00,8251.00,0.00,0.00,5000.00,603.00,5888.00,1606.00,111677.00,62686.00,0.00,0.00,15651.00,905.00,75.00,233.00,19319.00,9942.00,601.00,5896.00,48077.00
1709.00,1523.00,15230.00,830.00,14984.00,6195.00,8201.00,0.00,0.00,5000.00,603.00,5920.00,1610.00,92575.00,66559.00,0.00,0.00,15616.00,924.00,80.00,231.00,19217.00,9995.00,604.00,5928.00,48514.00
1710.00,1364.00,13635.00,826.00,15455.00,5446.00,11433.00,0.00,0.00,5000.00,336.00,5951.00,1614.00,103680.00,69028.00,0.00,0.00,15580.00,943.00,85.00,230.00,19115.00,10048.00,615.00,6032.00,48951.00
1711.00,1484.00,14835.00,1139.00,15926.00,5146.00,8099.00,0.00,0.00,5000.00,69.00,5983.00,1619.00,96863.00,63014.00,0.00,0.00,15545.00,962.00,91.00,229.00,19013.00,10101.00,787.00,7716.00,49388.00
1712.00,1300.00,12997.00,1072.00,15711.00,4701.00,8049.00,0.00,0.00,5000.00,394.00,6015.00,1623.00,104444.00,56970.00,0.00,0.00,15511.00,982.00,96.00,228.00,18911.00,10153.00,802.00,7870.00,49825.00
1713.00,2681.00,26809.00,1318.00,15497.00,5135.00,7999.00,0.00,0.00,5000.00,718.00,6047.00,1627.00,115653.00,50896.00,0.00,0.00,15477.00,1001.00,101.00,226.00,18809.00,10206.00,818.00,8024.00,50262.00
1714.00,2291.00,22914.00,1376.00,15282.00,4702.00,7950.00,0.00,0.00,5000.00,641.00,6078.00,1631.00,134583.00,44794.00,0.00,0.00,15443.00,1020.00,107.00,225.00,18706.00,10259.00,795.00,7803.00,50699.00
1715.00,2526.00,25260.00,1869.00,15067.00,4549.00,8039.00,0.00,0.00,5000.00,457.00,6110.00,1636.00,133835.00,44451.00,0.00,0.00,15409.00,1039.00,112.00,224.00,18604.00,10311.00,587.00,5756.00,51136.00
1716.00,2193.00,21933.00,2357.00,14853.00,3916.00,8128.00,0.00,0.00,5000.00,607.00,6142.00,1640.00,121190.00,48488.00,0.00,0.00,15376.00,1058.00,112.00,223.00,18502.00,10364.00,581.00,5703.00,51573.00
1717.00,2295.00,22950.00,2843.00,14638.00,127.00,8218.00,0.00,0.00,5000.00,572.00,6174.00,1644.00,138400.00,50421.00,0.00,0.00,15343.00,1078.00,112.00,222.00,18400.00,10417.00,575.00,5641.00,52010.00
1718.00,2543.00,25434.00,3324.00,14423.00,2529.00,8307.00,0.00,0.00,5000.00,442.00,6205.00,1649.00,131804.00,52359.00,0.00,0.00,15310.00,1097.00,107.00,220.00,18298.00,10469.00,639.00,6265.00,52448.00
1719.00,2177.00,21768.00,3802.00,14208.00,3647.00,8397.00,0.00,0.00,5000.00,791.00,6237.00,1653.00,146904.00,54301.00,0.00,0.00,15278.00,1116.00,102.00,219.00,18196.00,10522.00,701.00,6880.00,52885.00
1720.00,1143.00,11425.00,4276.00,13994.00,3977.00,7279.00,0.00,0.00,5000.00,634.00,6269.00,1657.00,141767.00,56247.00,0.00,0.00,15245.00,1135.00,97.00,218.00,18093.00,10575.00,652.00,6399.00,53322.00
1721.00,1621.00,16207.00,4746.00,13779.00,4636.00,8577.00,0.00,0.00,5000.00,653.00,6419.00,1661.00,125325.00,61018.00,0.00,0.00,15214.00,1155.00,92.00,217.00,17991.00,10627.00,607.00,5953.00,53759.00
1722.00,1568.00,15683.00,5213.00,13412.00,3994.00,8666.00,0.00,0.00,5000.00,618.00,6918.00,1666.00,128082.00,65805.00,0.00,0.00,15183.00,1174.00,87.00,215.00,17889.00,10680.00,607.00,5954.00,54196.00
1723.00,1769.00,17687.00,5677.00,13045.00,4034.00,8756.00,0.00,0.00,5000.00,768.00,5621.00,1670.00,131563.00,88699.00,0.00,0.00,15152.00,1193.00,82.00,214.00,17787.00,10733.00,607.00,5955.00,54633.00
1724.00,1143.00,11427.00,6137.00,12677.00,4541.00,8845.00,0.00,0.00,5000.00,499.00,4650.00,2030.00,151118.00,84003.00,0.00,0.00,15121.00,1212.00,78.00,213.00,17685.00,10786.00,607.00,5956.00,59812.00
1725.00,2118.00,21177.00,9870.00,12310.00,5034.00,8935.00,0.00,0.00,5000.00,461.00,5228.00,2363.00,153596.00,90494.00,0.00,0.00,15090.00,1231.00,73.00,212.00,17583.00,10838.00,607.00,5957.00,61355.00
1726.00,2311.00,23109.00,6630.00,11943.00,4735.00,9024.00,0.00,0.00,5000.00,392.00,4560.00,2697.00,142259.00,115982.00,0.00,0.00,15060.00,1251.00,68.00,210.00,17481.00,10891.00,611.00,5996.00,62898.00
1727.00,1701.00,17011.00,6665.00,11576.00,6241.00,9113.00,0.00,0.00,5000.00,238.00,4010.00,3030.00,143381.00,84370.00,0.00,0.00,15031.00,1270.00,63.00,209.00,17378.00,10944.00,615.00,6035.00,64440.00
1728.00,1234.00,12336.00,6700.00,11209.00,7315.00,9203.00,0.00,0.00,5000.00,202.00,4333.00,3363.00,143283.00,108667.00,0.00,0.00,15002.00,1289.00,58.00,208.00,17276.00,10996.00,679.00,6660.00,65983.00
1729.00,1237.00,12368.00,6735.00,10841.00,6732.00,9292.00,0.00,0.00,5000.00,165.00,6302.00,3697.00,137557.00,135343.00,0.00,0.00,14973.00,1308.00,53.00,207.00,17174.00,11049.00,715.00,7013.00,67526.00
1730.00,1631.00,16314.00,6770.00,10474.00,8276.00,6813.00,0.00,0.00,5000.00,172.00,5631.00,4030.00,147652.00,169381.00,0.00,0.00,14943.00,1328.00,48.00,206.00,17072.00,11102.00,682.00,6688.00,69068.00
1731.00,1254.00,12540.00,6805.00,10107.00,8082.00,9475.00,0.00,0.00,5000.00,178.00,4961.00,4363.00,145054.00,148583.00,0.00,0.00,14915.00,1347.00,112.00,204.00,16970.00,11154.00,667.00,6548.00,70611.00
1732.00,1491.00,14912.00,6839.00,10056.00,9662.00,9564.00,0.00,0.00,5000.00,184.00,4290.00,4697.00,163047.00,180652.00,0.00,0.00,14888.00,1366.00,96.00,203.00,16868.00,11207.00,653.00,6409.00,72154.00
1733.00,1693.00,16929.00,6873.00,10005.00,8591.00,9654.00,0.00,0.00,5000.00,227.00,4868.00,5030.00,149594.00,180636.00,0.00,0.00,14860.00,1385.00,96.00,202.00,16766.00,11260.00,639.00,6271.00,73696.00
1734.00,1939.00,19385.00,6908.00,9954.00,6467.00,9743.00,0.00,0.00,5000.00,269.00,3795.00,5197.00,125769.00,176213.00,0.00,0.00,16790.00,1404.00,96.00,225.00,18701.00,11312.00,702.00,6885.00,75239.00
1735.00,2316.00,23162.00,6942.00,9903.00,5441.00,9833.00,0.00,0.00,5000.00,417.00,4026.00,5364.00,137802.00,178525.00,0.00,0.00,15274.00,1424.00,80.00,207.00,17203.00,11365.00,635.00,6233.00,76782.00
1736.00,2256.00,22564.00,6976.00,9852.00,5074.00,9922.00,0.00,0.00,5000.00,564.00,4257.00,5531.00,143039.00,174936.00,0.00,0.00,15803.00,1443.00,160.00,214.00,17743.00,11418.00,652.00,6394.00,78322.00
1737.00,2593.00,25927.00,7009.00,9801.00,5519.00,10011.00,0.00,0.00,5000.00,507.00,4488.00,5698.00,145823.00,177678.00,0.00,0.00,15048.00,1462.00,240.00,205.00,17004.00,11471.00,784.00,7693.00,79863.00
1738.00,2113.00,21129.00,7043.00,9750.00,5609.00,10101.00,0.00,0.00,5000.00,522.00,4043.00,5865.00,145070.00,182286.00,0.00,0.00,16796.00,1481.00,288.00,226.00,18758.00,11523.00,651.00,6386.00,81404.00
1739.00,1590.00,15897.00,7076.00,9699.00,4787.00,10190.00,0.00,0.00,5000.00,538.00,3597.00,6032.00,151850.00,163499.00,0.00,0.00,17574.00,1501.00,336.00,235.00,19547.00,11576.00,652.00,6396.00,82944.00
1740.00,1248.00,12481.00,7110.00,9648.00,4291.00,7917.00,0.00,0.00,5000.00,538.00,3350.00,6199.00,155837.00,110701.00,0.00,0.00,16430.00,1520.00,144.00,222.00,18420.00,11629.00,691.00,6783.00,84485.00
1741.00,1488.00,14877.00,7143.00,9598.00,4027.00,10194.00,0.00,0.00,5000.00,584.00,4257.00,6366.00,150283.00,193002.00,0.00,0.00,16086.00,1539.00,128.00,218.00,18090.00,11681.00,655.00,6422.00,86026.00
1742.00,1102.00,11017.00,7176.00,9547.00,3878.00,10194.00,0.00,0.00,5000.00,657.00,3548.00,6533.00,155734.00,147868.00,0.00,0.00,16949.00,1558.00,129.00,228.00,18963.00,11763.00,658.00,6453.00,87566.00
1743.00,1039.00,10390.00,7209.00,9496.00,3744.00,10194.00,0.00,0.00,5000.00,645.00,2211.00,6700.00,158210.00,133479.00,0.00,0.00,16434.00,1578.00,120.00,222.00,18462.00,10063.00,661.00,6489.00,89107.00
1744.00,1035.00,10351.00,7241.00,9445.00,4198.00,10194.00,0.00,0.00,5000.00,548.00,2343.00,8043.00,121319.00,155145.00,0.00,0.00,16186.00,1597.00,113.00,219.00,18170.00,13905.00,727.00,7130.00,90139.00
1745.00,1624.00,16242.00,7274.00,9394.00,4393.00,10186.00,0.00,0.00,5000.00,451.00,2690.00,9386.00,102300.00,181206.00,0.00,0.00,15937.00,1616.00,106.00,215.00,17877.00,10649.00,684.00,6712.00,91171.00
1746.00,2173.00,21731.00,7307.00,9343.00,4126.00,10178.00,0.00,0.00,5000.00,432.00,3036.00,10729.00,93822.00,189655.00,0.00,0.00,15688.00,1635.00,99.00,212.00,17584.00,11257.00,673.00,6597.00,92202.00
1747.00,1167.00,11668.00,7339.00,9292.00,3335.00,10169.00,0.00,0.00,5000.00,547.00,4208.00,12071.00,91886.00,210863.00,0.00,0.00,15441.00,1654.00,92.00,208.00,17292.00,14129.00,759.00,7444.00,93234.00
1748.00,821.00,8210.00,7371.00,9241.00,4008.00,10161.00,0.00,0.00,5000.00,202.00,3185.00,13414.00,92685.00,250054.00,0.00,0.00,15193.00,1674.00,85.00,205.00,17001.00,9897.00,1484.00,14562.00,94266.00
1749.00,968.00,9675.00,7403.00,9190.00,222.00,10153.00,0.00,0.00,5000.00,307.00,1568.00,14757.00,141441.00,271872.00,0.00,0.00,14946.00,1693.00,78.00,201.00,16710.00,21053.00,1120.00,10988.00,95298.00
1750.00,666.00,6655.00,2135.00,9139.00,293.00,11441.00,0.00,0.00,5000.00,326.00,2343.00,16100.00,168259.00,233094.00,0.00,0.00,14700.00,1712.00,71.00,198.00,16419.00,8666.00,1419.00,13920.00,96330.00
1751.00,1372.00,13718.00,7194.00,9088.00,4279.00,9120.00,0.00,0.00,5000.00,288.00,2305.00,16733.00,171661.00,192229.00,0.00,0.00,14453.00,1731.00,64.00,194.00,16129.00,11951.00,891.00,8745.00,97361.00
1752.00,1191.00,11907.00,8222.00,8112.00,201.00,11629.00,0.00,0.00,5000.00,307.00,2268.00,17367.00,164246.00,275810.00,0.00,0.00,13964.00,885.00,128.00,191.00,15835.00,9305.00,704.00,6906.00,98393.00
1753.00,954.00,9535.00,4309.00,9194.00,3555.00,10304.00,0.00,2008.00,5000.00,288.00,2230.00,18000.00,164284.00,191758.00,0.00,0.00,13477.00,2214.00,224.00,187.00,15545.00,13349.00,758.00,7438.00,99425.00
1754.00,1380.00,13800.00,7273.00,9197.00,365.00,13656.00,0.00,6469.00,5000.00,307.00,2192.00,20567.00,168891.00,208164.00,0.00,0.00,13236.00,2065.00,256.00,184.00,15319.00,15922.00,748.00,7337.00,100457.00
1755.00,1305.00,13045.00,8617.00,12144.00,286.00,9533.00,0.00,9592.00,5000.00,403.00,2289.00,23133.00,158771.00,206842.00,0.00,0.00,12999.00,2253.00,176.00,182.00,15097.00,15351.00,738.00,7238.00,101489.00
1756.00,1411.00,14109.00,10435.00,11132.00,1946.00,8440.00,0.00,10038.00,5000.00,154.00,1584.00,25700.00,136475.00,172772.00,0.00,0.00,12765.00,563.00,32.00,179.00,14877.00,14781.00,728.00,7140.00,101647.00
1757.00,1400.00,13997.00,10396.00,8984.00,2843.00,13052.00,0.00,18960.00,5000.00,333.00,1062.00,21367.00,105786.00,153770.00,0.00,0.00,12534.00,1097.00,32.00,177.00,14663.00,14210.00,1160.00,11376.00,101805.00
1758.00,610.00,6100.00,3241.00,11150.00,3616.00,8220.00,0.00,23645.00,5000.00,512.00,1032.00,17033.00,75333.00,169665.00,0.00,0.00,12306.00,3716.00,48.00,174.00,14452.00,13752.00,956.00,9376.00,101085.00
1759.00,1026.00,10255.00,5376.00,8668.00,4922.00,9499.00,0.00,37028.00,5000.00,691.00,1003.00,12700.00,0.00,173697.00,0.00,0.00,12330.00,2451.00,62.00,171.00,14234.00,15481.00,895.00,8781.00,100365.00
1760.00,774.00,7736.00,2214.00,7745.00,5206.00,12695.00,0.00,47066.00,5000.00,691.00,973.00,12533.00,0.00,193358.00,0.00,0.00,15670.00,3646.00,95.00,212.00,17583.00,17210.00,1050.00,10302.00,99646.00
1761.00,780.00,7798.00,5139.00,9219.00,4329.00,8795.00,0.00,57104.00,5000.00,672.00,943.00,12365.00,0.00,173817.00,0.00,0.00,12753.00,4862.00,93.00,177.00,14695.00,11315.00,833.00,8167.00,98926.00
1762.00,1036.00,10359.00,6799.00,7579.00,3525.00,12849.00,0.00,66073.00,5000.00,653.00,914.00,12198.00,95671.00,168200.00,0.00,0.00,13280.00,4210.00,110.00,184.00,15241.00,14654.00,818.00,8022.00,98206.00
1763.00,740.00,7404.00,2490.00,9075.00,4672.00,8367.00,0.00,75988.00,5000.00,614.00,884.00,12030.00,112970.00,172630.00,0.00,0.00,15516.00,4388.00,141.00,210.00,17478.00,16371.00,890.00,8735.00,97487.00
1764.00,1019.00,10193.00,5297.00,7054.00,2994.00,14900.00,0.00,78728.00,5000.00,557.00,854.00,11863.00,127589.00,221348.00,0.00,0.00,16290.00,3350.00,441.00,220.00,18258.00,15791.00,866.00,8495.00,96767.00
1765.00,1218.00,12178.00,3478.00,9735.00,662.00,10354.00,0.00,58058.00,5000.00,595.00,825.00,11696.00,149652.00,215673.00,0.00,0.00,17773.00,4150.00,877.00,238.00,19745.00,17296.00,875.00,8583.00,96047.00
1766.00,640.00,6404.00,3992.00,9300.00,6312.00,9844.00,0.00,53325.00,5000.00,595.00,795.00,11528.00,164639.00,234265.00,0.00,0.00,20669.00,3063.00,1131.00,273.00,22638.00,11949.00,1037.00,10168.00,95328.00
1767.00,886.00,8863.00,4862.00,8414.00,2377.00,12260.00,0.00,48070.00,5000.00,595.00,765.00,11361.00,172038.00,249739.00,0.00,0.00,18490.00,2793.00,945.00,247.00,20477.00,12578.00,893.00,8762.00,94608.00
1768.00,905.00,9049.00,5376.00,9446.00,3744.00,10585.00,0.00,44546.00,5000.00,538.00,736.00,11193.00,168769.00,271827.00,0.00,0.00,16111.00,1581.00,1036.00,218.00,18116.00,15581.00,823.00,8073.00,93888.00
1769.00,1184.00,11842.00,4229.00,9121.00,1934.00,14347.00,0.00,44763.00,5000.00,538.00,706.00,11026.00,156283.00,303398.00,0.00,0.00,18476.00,2166.00,1166.00,247.00,20481.00,16049.00,901.00,8838.00,93169.00
1770.00,953.00,9534.00,5890.00,11892.00,4232.00,9109.00,435.00,27883.00,5000.00,557.00,706.00,10859.00,160224.00,333545.00,0.00,0.00,18855.00,3486.00,1248.00,230.00,19111.00,16517.00,815.00,8000.00,92541.00
1771.00,1294.00,12940.00,2688.00,9815.00,2350.00,9723.00,790.00,57426.00,5000.00,557.00,706.00,10691.00,141799.00,335804.00,0.00,0.00,20216.00,1719.00,1248.00,247.00,20532.00,16985.00,851.00,8350.00,91913.00
1772.00,1138.00,11380.00,5929.00,8620.00,2489.00,14064.00,804.00,74804.00,5000.00,557.00,706.00,10524.00,152629.00,391573.00,0.00,0.00,21770.00,1674.00,1728.00,267.00,22146.00,17453.00,931.00,7450.00,91285.00
1773.00,1521.00,15209.00,11937.00,10918.00,953.00,11589.00,1230.00,64056.00,5000.00,614.00,706.00,10357.00,160762.00,394002.00,0.00,0.00,22373.00,1057.00,1329.00,275.00,22814.00,17921.00,946.00,8300.00,90658.00
1774.00,1321.00,13208.00,9091.00,11363.00,4295.00,9897.00,1213.00,53530.00,5000.00,614.00,706.00,10189.00,155815.00,313046.00,0.00,0.00,22003.00,1312.00,1620.00,271.00,22512.00,18389.00,921.00,8550.00,90030.00
1775.00,1125.00,11251.00,6720.00,10068.00,4343.00,13632.00,1166.00,50538.00,5000.00,691.00,706.00,10022.00,155520.00,295461.00,0.00,0.00,19617.00,771.00,1579.00,243.00,20202.00,18857.00,814.00,9050.00,89402.00
1776.00,1271.00,12713.00,4743.00,12238.00,3816.00,10215.00,1498.00,53269.00,5000.00,691.00,706.00,9854.00,174359.00,284480.00,0.00,0.00,19471.00,640.00,1431.00,242.00,20125.00,19325.00,798.00,9850.00,88774.00
1777.00,1296.00,12963.00,3123.00,11101.00,9644.00,10582.00,1713.00,57778.00,5000.00,595.00,706.00,9687.00,135944.00,254364.00,0.00,0.00,19337.00,696.00,1660.00,242.00,20061.00,19793.00,832.00,10150.00,88147.00
1778.00,1009.00,10094.00,3834.00,10391.00,8302.00,10561.00,1394.00,58903.00,5000.00,557.00,706.00,9520.00,87437.00,245904.00,0.00,0.00,20229.00,949.00,297.00,253.00,21018.00,20261.00,858.00,10000.00,87519.00
1779.00,1046.00,10459.00,5929.00,9667.00,6910.00,10678.00,1522.00,63761.00,5000.00,538.00,706.00,9352.00,39208.00,209722.00,0.00,0.00,19958.00,1929.00,1485.00,251.00,20819.00,20729.00,882.00,8850.00,86891.00
1780.00,1072.00,10720.00,3162.00,9057.00,6211.00,9303.00,1960.00,67526.00,5000.00,442.00,706.00,9185.00,0.00,173217.00,0.00,0.00,15089.00,2490.00,1890.00,193.00,16039.00,21197.00,705.00,9200.00,87141.00
1781.00,235.00,2350.00,2016.00,7388.00,11037.00,18970.00,512.00,113723.00,5000.00,288.00,706.00,9017.00,0.00,148460.00,0.00,0.00,18609.00,1107.00,1653.00,236.00,19617.00,21665.00,895.00,10800.00,87391.00
1782.00,396.00,3964.00,4981.00,12279.00,14688.00,20775.00,995.00,107292.00,5000.00,288.00,706.00,8850.00,0.00,166535.00,0.00,0.00,18094.00,949.00,4468.00,231.00,19177.00,22133.00,909.00,1950.00,90426.00
1783.00,978.00,9777.00,5771.00,22334.00,9055.00,5528.00,2758.00,102861.00,5000.00,288.00,706.00,8683.00,103457.00,161682.00,0.00,0.00,19149.00,405.00,2651.00,245.00,20312.00,22601.00,833.00,9250.00,93461.00
1784.00,1200.00,12134.00,6720.00,10801.00,9616.00,17307.00,3781.00,151216.00,5000.00,288.00,706.00,8515.00,163972.00,172914.00,0.00,0.00,16868.00,484.00,2110.00,216.00,17980.00,18901.00,811.00,8600.00,96496.00
1785.00,562.00,5678.00,5455.00,16344.00,10031.00,5593.00,4248.00,122608.00,5000.00,288.00,706.00,8348.00,158072.00,236087.00,0.00,0.00,15742.00,1028.00,2475.00,214.00,17765.00,21156.00,884.00,8900.00,99532.00
1786.00,966.00,9765.00,8064.00,7966.00,8514.00,7721.00,8069.00,132960.00,5000.00,288.00,706.00,8180.00,189434.00,257412.00,0.00,0.00,15581.00,1146.00,1532.00,208.00,17294.00,6845.00,909.00,8450.00,102567.00
1787.00,802.00,8112.00,5929.00,5342.00,7596.00,16771.00,7511.00,157595.00,5000.00,288.00,706.00,8013.00,191384.00,342391.00,0.00,0.00,15739.00,1576.00,1875.00,207.00,17207.00,30703.00,893.00,9050.00,105602.00
1788.00,579.00,5857.00,3004.00,7757.00,8050.00,11550.00,6192.00,214703.00,5000.00,326.00,706.00,7846.00,167280.00,443188.00,0.00,0.00,15901.00,1433.00,2125.00,206.00,17122.00,23129.00,1115.00,8850.00,108637.00
1789.00,395.00,3990.00,1660.00,6272.00,8493.00,9339.00,4943.00,106668.00,5000.00,288.00,706.00,7678.00,164759.00,294561.00,0.00,0.00,18500.00,1290.00,1957.00,238.00,19794.00,29111.00,1313.00,8050.00,111672.00
1790.00,198.00,2000.00,832.00,200.00,222.00,11587.00,3010.00,245788.00,5000.00,307.00,706.00,7511.00,155967.00,276735.00,0.00,0.00,15396.00,1146.00,1552.00,202.00,16807.00,10241.00,1254.00,7900.00,114707.00
